{"stats":{"minecraft:used":{"minecraft:iron_shovel":1965,"minecraft:spruce_slab":201,"minecraft:elytra":2,"minecraft:ladder":6,"minecraft:poppy":8,"minecraft:shield":204,"minecraft:chest":13,"minecraft:nether_wart":12,"minecraft:iron_sword":323,"minecraft:quartz_stairs":16,"minecraft:iron_chestplate":1,"minecraft:spruce_leaves":1,"minecraft:nether_bricks":44,"minecraft:carrot":8,"minecraft:snowball":193,"minecraft:spruce_boat":11,"minecraft:jungle_sapling":1,"minecraft:lava_bucket":1,"minecraft:lantern":6,"minecraft:grass_block":5,"minecraft:warped_nylium":6,"minecraft:crimson_roots":1,"minecraft:golden_sword":12,"minecraft:snow":1,"minecraft:bow":127,"minecraft:warped_fungus":1,"minecraft:sweet_berries":105,"minecraft:furnace":3,"minecraft:potato":18,"minecraft:dragon_head":2,"minecraft:stripped_spruce_wood":1,"minecraft:oak_planks":56,"minecraft:diamond_boots":3,"minecraft:end_stone_bricks":6,"minecraft:stone_pickaxe":113,"minecraft:ender_pearl":129,"minecraft:chorus_fruit":2,"minecraft:blackstone":16,"minecraft:wooden_pickaxe":3,"minecraft:blue_bed":6,"minecraft:diamond_axe":1885,"minecraft:sugar_cane":36,"minecraft:purpur_pillar":8,"minecraft:cookie":57,"minecraft:white_wool":1,"minecraft:crossbow":41,"minecraft:end_stone":167,"minecraft:shears":4,"minecraft:redstone_torch":1,"minecraft:string":15,"minecraft:bread":18,"minecraft:lectern":925,"minecraft:gravel":21,"minecraft:golden_helmet":4,"minecraft:nether_wart_block":6,"minecraft:diamond_sword":1348,"minecraft:grindstone":10,"minecraft:smithing_table":4,"minecraft:oak_boat":2,"minecraft:purpur_block":7,"minecraft:bone_meal":28,"minecraft:oak_trapdoor":2,"minecraft:flint_and_steel":58,"minecraft:stone_shovel":52,"minecraft:spruce_planks":618,"minecraft:ender_chest":11,"minecraft:wooden_shovel":4,"minecraft:netherrack":414,"minecraft:torch":80,"minecraft:brewing_stand":1,"minecraft:dirt":1133,"minecraft:anvil":3,"minecraft:white_carpet":2,"minecraft:hopper":5,"minecraft:chainmail_chestplate":3,"minecraft:spruce_stairs":97,"minecraft:twisting_vines":2,"minecraft:diamond_helmet":3,"minecraft:shulker_box":24,"minecraft:granite":18,"minecraft:spruce_fence":30,"minecraft:wooden_axe":25,"minecraft:bookshelf":40,"minecraft:iron_axe":1350,"minecraft:iron_boots":6,"minecraft:crimson_planks":275,"minecraft:barrel":11,"minecraft:diamond_chestplate":4,"minecraft:tripwire_hook":4,"minecraft:basalt":24,"minecraft:golden_carrot":144,"minecraft:emerald_block":59,"minecraft:minecart":40,"minecraft:cobbled_deepslate":29,"minecraft:cooked_mutton":8,"minecraft:water_bucket":310,"minecraft:warped_stem":3,"minecraft:cartography_table":6,"minecraft:baked_potato":82,"minecraft:spruce_sign":9,"minecraft:cracked_stone_bricks":2,"minecraft:rail":303,"minecraft:crafting_table":13,"minecraft:oak_slab":3,"minecraft:red_bed":2,"minecraft:white_bed":5,"minecraft:spruce_log":86,"minecraft:smoker":1,"minecraft:ender_eye":20,"minecraft:diamond_pickaxe":979,"minecraft:apple":5,"minecraft:diamond_shovel":42,"minecraft:cracked_polished_blackstone_bricks":2,"minecraft:iron_pickaxe":1201,"minecraft:suspicious_stew":3,"minecraft:stone_slab":17,"minecraft:purpur_slab":3,"minecraft:spruce_trapdoor":47,"minecraft:spruce_sapling":37,"minecraft:golden_leggings":1,"minecraft:stone_axe":86,"minecraft:cobblestone":595,"minecraft:cooked_porkchop":116,"minecraft:bucket":315,"minecraft:dandelion":1,"minecraft:diamond_leggings":4,"minecraft:splash_potion":7,"minecraft:chainmail_leggings":5},"minecraft:picked_up":{"minecraft:shulker_shell":33,"minecraft:iron_chestplate":1,"minecraft:wheat":9,"minecraft:ender_chest":14,"minecraft:nether_brick_fence":4,"minecraft:diamond_sword":2,"minecraft:smithing_table":3,"minecraft:stone_slab":11,"minecraft:lead":4,"minecraft:enchanted_book":3,"minecraft:crimson_planks":47,"minecraft:brewing_stand":1,"minecraft:amethyst_block":8,"minecraft:string":13243,"minecraft:beetroot":1,"minecraft:diamond_leggings":3,"minecraft:gold_nugget":568,"minecraft:cobbled_deepslate":30,"minecraft:spruce_planks":523,"minecraft:redstone_torch":1,"minecraft:calcite":2,"minecraft:ender_eye":8,"minecraft:wooden_shovel":1,"minecraft:iron_pickaxe":5,"minecraft:iron_boots":2,"minecraft:furnace":10,"minecraft:tipped_arrow":10,"minecraft:golden_helmet":2,"minecraft:stick":26,"minecraft:composter":1,"minecraft:torch":54,"minecraft:purpur_pillar":13,"minecraft:spruce_stairs":71,"minecraft:porkchop":24,"minecraft:diorite":17,"minecraft:stone_sword":2,"minecraft:rotten_flesh":102,"minecraft:bookshelf":5,"minecraft:end_rod":23,"minecraft:blaze_rod":19,"minecraft:obsidian":11,"minecraft:iron_bars":4,"minecraft:snowball":1222,"minecraft:cobblestone":419,"minecraft:water_bucket":1,"minecraft:andesite":14,"minecraft:golden_leggings":2,"minecraft:potato":63,"minecraft:flint":2,"minecraft:stripped_spruce_wood":145,"minecraft:dirt":1403,"minecraft:lantern":6,"minecraft:twisting_vines":4,"minecraft:bone":79,"minecraft:bow":5,"minecraft:wheat_seeds":25,"minecraft:grindstone":9,"minecraft:mossy_stone_bricks":4,"minecraft:diamond_helmet":3,"minecraft:glowstone_dust":70,"minecraft:oak_planks":36,"minecraft:ghast_tear":2,"minecraft:chiseled_polished_blackstone":1,"minecraft:cooked_porkchop":14,"minecraft:warped_wart_block":2,"minecraft:sand":32,"minecraft:stripped_spruce_log":3,"minecraft:grass_block":27,"minecraft:shulker_box":21,"minecraft:spectral_arrow":11,"minecraft:barrel":10,"minecraft:diamond":23,"minecraft:spruce_boat":12,"minecraft:cracked_polished_blackstone_bricks":43,"minecraft:crossbow":2,"minecraft:granite":18,"minecraft:bone_meal":1,"minecraft:spruce_sign":2,"minecraft:emerald":111,"minecraft:bread":3,"minecraft:netherrack":654,"minecraft:chorus_fruit":34,"minecraft:crimson_roots":12,"minecraft:diamond_pickaxe":1,"minecraft:end_stone_bricks":13,"minecraft:spruce_leaves":5,"minecraft:crafting_table":4,"minecraft:chicken":1,"minecraft:splash_potion":6,"minecraft:ladder":4,"minecraft:nether_wart":39,"minecraft:brown_mushroom":2,"minecraft:wooden_pickaxe":2,"minecraft:gold_block":3,"minecraft:dragon_head":3,"minecraft:purpur_block":20,"minecraft:shield":4,"minecraft:oak_trapdoor":2,"minecraft:red_bed":3,"minecraft:elytra":3,"minecraft:iron_axe":3,"minecraft:snow":5,"minecraft:item_frame":2,"minecraft:white_carpet":2,"minecraft:blackstone":16,"minecraft:cracked_stone_bricks":2,"minecraft:cartography_table":5,"minecraft:oak_boat":2,"minecraft:poppy":21,"minecraft:spruce_slab":129,"minecraft:minecart":39,"minecraft:lectern":910,"minecraft:quartz_stairs":1,"minecraft:sugar_cane":48,"minecraft:chest":3,"minecraft:spruce_trapdoor":6,"minecraft:phantom_membrane":4,"minecraft:raw_iron":5,"minecraft:end_stone":172,"minecraft:stone":21,"minecraft:bowl":1,"minecraft:spruce_fence":12,"minecraft:fire_charge":1,"minecraft:polished_blackstone_bricks":75,"minecraft:cookie":29,"minecraft:carrot":9,"minecraft:redstone":10,"minecraft:arrow":73,"minecraft:weeping_vines":2,"minecraft:diamond_chestplate":2,"minecraft:beetroot_seeds":3,"minecraft:nether_bricks":46,"minecraft:diamond_boots":1,"minecraft:purpur_slab":6,"minecraft:gold_ingot":3,"minecraft:mutton":8,"minecraft:rail":301,"minecraft:white_wool":5,"minecraft:basalt":28,"minecraft:magenta_banner":1,"minecraft:golden_carrot":30,"minecraft:tripwire_hook":2,"minecraft:crimson_stem":116,"minecraft:leather":5,"minecraft:red_mushroom":1,"minecraft:purpur_stairs":7,"minecraft:oak_log":28,"minecraft:nether_wart_block":9,"minecraft:gunpowder":26,"minecraft:blue_bed":10,"minecraft:cooked_mutton":3,"minecraft:apple":6,"minecraft:stone_bricks":4,"minecraft:warped_stem":14,"minecraft:iron_ingot":74,"minecraft:stone_pickaxe":1,"minecraft:glass_bottle":1,"minecraft:iron_sword":3,"minecraft:book":585,"minecraft:oak_slab":11,"minecraft:warped_fungus":8,"minecraft:emerald_block":60,"minecraft:sweet_berries":161,"minecraft:quartz":485,"minecraft:dandelion":1,"minecraft:gravel":22,"minecraft:spruce_sapling":43,"minecraft:white_bed":6,"minecraft:spruce_log":383,"minecraft:crying_obsidian":5,"minecraft:spruce_door":8,"minecraft:spider_eye":11,"minecraft:diamond_shovel":2,"minecraft:stone_axe":1,"minecraft:chainmail_leggings":2,"minecraft:diamond_axe":4,"minecraft:warped_roots":8,"minecraft:baked_potato":80,"minecraft:warped_nylium":8,"minecraft:coal":179,"minecraft:hopper":10,"minecraft:ender_pearl":189},"minecraft:dropped":{"minecraft:spruce_sign":2,"minecraft:iron_sword":3,"minecraft:diamond_axe":5,"minecraft:ender_pearl":2,"minecraft:cooked_porkchop":66,"minecraft:weeping_vines":1,"minecraft:cookie":108,"minecraft:saddle":2,"minecraft:emerald":3,"minecraft:spruce_leaves":1,"minecraft:dirt":3,"minecraft:snowball":81,"minecraft:gold_nugget":11,"minecraft:phantom_membrane":1,"minecraft:sand":32,"minecraft:iron_pickaxe":5,"minecraft:bone":8,"minecraft:gold_ingot":8,"minecraft:gravel":1,"minecraft:iron_nugget":9,"minecraft:rotten_flesh":19,"minecraft:diamond_shovel":1,"minecraft:poppy":6,"minecraft:tipped_arrow":1,"minecraft:gunpowder":1,"minecraft:hopper":18,"minecraft:ladder":1,"minecraft:spruce_slab":7,"minecraft:arrow":2,"minecraft:end_stone_bricks":2,"minecraft:enchanted_book":14,"minecraft:iron_ingot":25,"minecraft:bread":48,"minecraft:wheat_seeds":1,"minecraft:minecart":1,"minecraft:diamond_leggings":1,"minecraft:cobblestone":56,"minecraft:lead":1,"minecraft:book":3,"minecraft:apple":22,"minecraft:spruce_stairs":1,"minecraft:grass_block":3,"minecraft:diorite":17,"minecraft:golden_carrot":63,"minecraft:diamond_helmet":1,"minecraft:iron_axe":2,"minecraft:string":10,"minecraft:furnace":2,"minecraft:ender_chest":2,"minecraft:stone_sword":1,"minecraft:bowl":1,"minecraft:diamond_hoe":1,"minecraft:ender_eye":2,"minecraft:shulker_box":1,"minecraft:diamond_sword":3,"minecraft:potato":1,"minecraft:spruce_boat":1,"minecraft:stone":20,"minecraft:spruce_trapdoor":2,"minecraft:spruce_planks":4,"minecraft:diamond_pickaxe":1,"minecraft:andesite":14,"minecraft:golden_leggings":1,"minecraft:wooden_shovel":2,"minecraft:spider_eye":10,"minecraft:stone_bricks":2,"minecraft:diamond_boots":1,"minecraft:spruce_log":106,"minecraft:bow":4,"minecraft:calcite":2},"minecraft:killed":{"minecraft:witch":2,"minecraft:spider":41,"minecraft:shulker":46,"minecraft:skeleton":38,"minecraft:silverfish":2,"minecraft:piglin_brute":2,"minecraft:magma_cube":26,"minecraft:piglin":16,"minecraft:pig":6,"minecraft:zombie_villager":1,"minecraft:iron_golem":16,"minecraft:creeper":26,"minecraft:sheep":5,"minecraft:trader_llama":2,"minecraft:zombie":77,"minecraft:stray":19,"minecraft:ghast":3,"minecraft:blaze":28,"minecraft:phantom":4,"minecraft:wandering_trader":1,"minecraft:hoglin":3,"minecraft:wither_skeleton":8,"minecraft:enderman":158},"minecraft:custom":{"minecraft:interact_with_crafting_table":213,"minecraft:open_barrel":9,"minecraft:open_shulker_box":148,"minecraft:bell_ring":2,"minecraft:leave_game":15,"minecraft:time_since_death":273312,"minecraft:sprint_one_cm":4941894,"minecraft:damage_blocked_by_shield":5353,"minecraft:drop":314,"minecraft:talked_to_villager":2508,"minecraft:play_time":1865260,"minecraft:deaths":9,"minecraft:jump":32728,"minecraft:interact_with_brewingstand":13,"minecraft:walk_on_water_one_cm":139156,"minecraft:interact_with_furnace":57,"minecraft:traded_with_villager":2755,"minecraft:sleep_in_bed":60,"minecraft:open_enderchest":83,"minecraft:damage_dealt":137717,"minecraft:crouch_one_cm":118420,"minecraft:interact_with_smoker":5,"minecraft:interact_with_smithing_table":1,"minecraft:interact_with_anvil":43,"minecraft:mob_kills":540,"minecraft:inspect_hopper":14,"minecraft:interact_with_campfire":94,"minecraft:climb_one_cm":33102,"minecraft:walk_one_cm":3978370,"minecraft:sneak_time":41577,"minecraft:walk_under_water_one_cm":127112,"minecraft:boat_one_cm":100392,"minecraft:total_world_time":1865260,"minecraft:interact_with_grindstone":7,"minecraft:time_since_rest":32216,"minecraft:damage_taken":19634,"minecraft:swim_one_cm":72308,"minecraft:fly_one_cm":7631596,"minecraft:open_chest":1632,"minecraft:aviate_one_cm":3043,"minecraft:fall_one_cm":940911},"minecraft:mined":{"minecraft:dragon_wall_head":2,"minecraft:spruce_planks":476,"minecraft:white_bed":5,"minecraft:farmland":11,"minecraft:brewing_stand":1,"minecraft:obsidian":11,"minecraft:spruce_trapdoor":4,"minecraft:grass_block":470,"minecraft:cracked_polished_blackstone_bricks":39,"minecraft:purpur_slab":4,"minecraft:composter":1,"minecraft:nether_wart":12,"minecraft:spawner":1,"minecraft:polished_blackstone_bricks":69,"minecraft:weeping_vines_plant":3,"minecraft:glowstone":20,"minecraft:iron_ore":5,"minecraft:barrel":9,"minecraft:cobbled_deepslate":1,"minecraft:fire":170,"minecraft:dragon_head":1,"minecraft:twisting_vines":2,"minecraft:dirt_path":116,"minecraft:iron_bars":4,"minecraft:end_stone_bricks":10,"minecraft:spruce_slab":115,"minecraft:tripwire":6,"minecraft:red_bed":3,"minecraft:blackstone":17,"minecraft:magenta_wall_banner":1,"minecraft:twisting_vines_plant":1,"minecraft:crimson_nylium":12,"minecraft:amethyst_cluster":1,"minecraft:purpur_stairs":7,"minecraft:torch":16,"minecraft:poppy":2,"minecraft:calcite":5,"minecraft:chest":3,"minecraft:nether_quartz_ore":237,"minecraft:cobblestone":133,"minecraft:oak_planks":34,"minecraft:grindstone":9,"minecraft:sugar_cane":39,"minecraft:iron_door":1,"minecraft:wall_torch":11,"minecraft:amethyst_block":7,"minecraft:chain":1,"minecraft:warped_nylium":1,"minecraft:nether_wart_block":6,"minecraft:wheat":3,"minecraft:blue_ice":1,"minecraft:warped_fungus":6,"minecraft:purpur_block":21,"minecraft:oak_log":16,"minecraft:sand":32,"minecraft:dirt":261,"minecraft:crimson_planks":42,"minecraft:smooth_basalt":3,"minecraft:tripwire_hook":2,"minecraft:netherrack":655,"minecraft:oak_leaves":4,"minecraft:deepslate":8,"minecraft:emerald_block":60,"minecraft:nether_gold_ore":89,"minecraft:tuff":2,"minecraft:quartz_stairs":1,"minecraft:deepslate_diamond_ore":11,"minecraft:end_stone":161,"minecraft:shulker_box":20,"minecraft:nether_bricks":46,"minecraft:ladder":2,"minecraft:spruce_fence":10,"minecraft:crimson_roots":6,"minecraft:spruce_leaves":106,"minecraft:cartography_table":5,"minecraft:crimson_stem":119,"minecraft:oak_trapdoor":1,"minecraft:spruce_sapling":7,"minecraft:furnace":6,"minecraft:carrots":2,"minecraft:snow":862,"minecraft:stripped_spruce_log":3,"minecraft:gold_block":3,"minecraft:nether_brick_fence":4,"minecraft:bookshelf":201,"minecraft:potatoes":13,"minecraft:rail":295,"minecraft:warped_stem":14,"minecraft:packed_ice":45,"minecraft:stone":135,"minecraft:ender_chest":4,"minecraft:smithing_table":3,"minecraft:oak_slab":6,"minecraft:glass_pane":11,"minecraft:magenta_stained_glass":15,"minecraft:snow_block":26,"minecraft:basalt":29,"minecraft:spruce_door":1,"minecraft:crafting_table":3,"minecraft:short_grass":85,"minecraft:warped_roots":5,"minecraft:lectern":909,"minecraft:stone_slab":15,"minecraft:purpur_pillar":13,"minecraft:tall_grass":12,"minecraft:blue_bed":8,"minecraft:warped_wart_block":2,"minecraft:spruce_stairs":67,"minecraft:stripped_spruce_wood":145,"minecraft:redstone_torch":1,"minecraft:sweet_berry_bush":18,"minecraft:ice":53,"minecraft:white_carpet":1,"minecraft:spruce_log":381,"minecraft:coal_ore":91,"minecraft:end_rod":22,"minecraft:gravel":24,"minecraft:cobweb":5,"minecraft:cracked_stone_bricks":3,"minecraft:stone_bricks":6,"minecraft:fern":1},"minecraft:killed_by":{"minecraft:piglin_brute":2,"minecraft:piglin":3},"minecraft:crafted":{"minecraft:grindstone":3,"minecraft:oak_planks":64,"minecraft:barrel":2,"minecraft:blaze_powder":28,"minecraft:stone":86,"minecraft:diamond_shovel":1,"minecraft:bookshelf":53,"minecraft:shulker_box":6,"minecraft:cooked_mutton":8,"minecraft:suspicious_stew":4,"minecraft:warped_planks":40,"minecraft:quartz_block":120,"minecraft:hopper":14,"minecraft:bow":3,"minecraft:diamond_helmet":4,"minecraft:diamond_leggings":3,"minecraft:chest":31,"minecraft:rail":16,"minecraft:ender_eye":23,"minecraft:smoker":1,"minecraft:quartz_stairs":36,"minecraft:wooden_shovel":1,"minecraft:emerald":2915,"minecraft:cooked_porkchop":255,"minecraft:diamond_axe":3,"minecraft:map":10,"minecraft:crafting_table":10,"minecraft:spruce_planks":936,"minecraft:wooden_pickaxe":1,"minecraft:smithing_table":1,"minecraft:brewing_stand":1,"minecraft:cartography_table":1,"minecraft:apple":44,"minecraft:spruce_trapdoor":46,"minecraft:lectern":15,"minecraft:book":3,"minecraft:paper":9,"minecraft:diamond_pickaxe":2,"minecraft:emerald_block":56,"minecraft:stick":92,"minecraft:stone_slab":24,"minecraft:iron_ingot":19,"minecraft:compass":1,"minecraft:iron_pickaxe":6,"minecraft:iron_block":10,"minecraft:gold_ingot":58,"minecraft:shears":1,"minecraft:golden_carrot":216,"minecraft:cookie":216,"minecraft:rabbit_stew":10,"minecraft:redstone":6,"minecraft:stone_shovel":1,"minecraft:tripwire_hook":2,"minecraft:iron_nugget":9,"minecraft:diamond_hoe":2,"minecraft:furnace":3,"minecraft:bone_meal":27,"minecraft:spruce_fence":12,"minecraft:spruce_stairs":104,"minecraft:iron_axe":37,"minecraft:spruce_slab":132,"minecraft:stone_pickaxe":11,"minecraft:diamond_boots":3,"minecraft:filled_map":1,"minecraft:spruce_boat":2,"minecraft:jungle_sapling":1,"minecraft:golden_helmet":1,"minecraft:minecart":3,"minecraft:crimson_planks":462,"minecraft:diamond_sword":3,"minecraft:spruce_sign":9,"minecraft:crimson_slab":6,"minecraft:iron_sword":1,"minecraft:bucket":2,"minecraft:stone_axe":2,"minecraft:glowstone":1,"minecraft:enchanted_book":51,"minecraft:bread":96,"minecraft:air":0,"minecraft:golden_apple":5,"minecraft:wooden_axe":2,"minecraft:iron_shovel":9,"minecraft:anvil":3,"minecraft:white_bed":1,"minecraft:torch":32,"minecraft:diamond_chestplate":3,"minecraft:ender_chest":1},"minecraft:broken":{"minecraft:iron_shovel":7,"minecraft:diamond_helmet":1,"minecraft:diamond_boots":1,"minecraft:stone_axe":1,"minecraft:iron_axe":6,"minecraft:iron_pickaxe":4}},"DataVersion":3953}