{"stats":{"minecraft:broken":{"minecraft:iron_shovel":5,"minecraft:stone_axe":1,"minecraft:iron_axe":6,"minecraft:iron_pickaxe":3},"minecraft:mined":{"minecraft:spruce_planks":260,"minecraft:white_bed":5,"minecraft:farmland":11,"minecraft:brewing_stand":1,"minecraft:spruce_trapdoor":2,"minecraft:grass_block":386,"minecraft:cracked_polished_blackstone_bricks":39,"minecraft:composter":1,"minecraft:spawner":1,"minecraft:polished_blackstone_bricks":69,"minecraft:weeping_vines_plant":3,"minecraft:glowstone":7,"minecraft:iron_ore":5,"minecraft:fire":56,"minecraft:barrel":1,"minecraft:twisting_vines":2,"minecraft:dirt_path":89,"minecraft:spruce_slab":105,"minecraft:tripwire":6,"minecraft:red_bed":3,"minecraft:blackstone":12,"minecraft:twisting_vines_plant":1,"minecraft:crimson_nylium":12,"minecraft:torch":9,"minecraft:poppy":2,"minecraft:chest":2,"minecraft:nether_quartz_ore":5,"minecraft:grindstone":9,"minecraft:sugar_cane":3,"minecraft:oak_planks":13,"minecraft:wall_torch":4,"minecraft:chain":1,"minecraft:nether_wart_block":6,"minecraft:wheat":3,"minecraft:blue_ice":1,"minecraft:warped_fungus":5,"minecraft:oak_log":16,"minecraft:dirt":221,"minecraft:crimson_planks":42,"minecraft:tripwire_hook":2,"minecraft:netherrack":349,"minecraft:oak_leaves":4,"minecraft:emerald_block":60,"minecraft:nether_gold_ore":33,"minecraft:ladder":1,"minecraft:nether_bricks":44,"minecraft:spruce_fence":10,"minecraft:crimson_roots":6,"minecraft:spruce_leaves":59,"minecraft:crimson_stem":119,"minecraft:oak_trapdoor":1,"minecraft:spruce_sapling":2,"minecraft:furnace":6,"minecraft:carrots":2,"minecraft:snow":618,"minecraft:stripped_spruce_log":3,"minecraft:nether_brick_fence":4,"minecraft:bookshelf":4,"minecraft:potatoes":13,"minecraft:rail":157,"minecraft:warped_stem":13,"minecraft:packed_ice":45,"minecraft:stone":129,"minecraft:oak_slab":6,"minecraft:glass_pane":11,"minecraft:snow_block":24,"minecraft:basalt":21,"minecraft:spruce_door":1,"minecraft:crafting_table":2,"minecraft:short_grass":45,"minecraft:lectern":183,"minecraft:tall_grass":3,"minecraft:blue_bed":7,"minecraft:spruce_stairs":53,"minecraft:stripped_spruce_wood":145,"minecraft:redstone_torch":1,"minecraft:sweet_berry_bush":7,"minecraft:ice":19,"minecraft:white_carpet":1,"minecraft:spruce_log":115,"minecraft:coal_ore":86,"minecraft:gravel":24,"minecraft:fern":1},"minecraft:killed_by":{"minecraft:piglin_brute":2,"minecraft:piglin":3},"minecraft:custom":{"minecraft:interact_with_crafting_table":114,"minecraft:open_barrel":3,"minecraft:bell_ring":2,"minecraft:leave_game":10,"minecraft:time_since_death":192198,"minecraft:sprint_one_cm":1756047,"minecraft:damage_blocked_by_shield":2720,"minecraft:drop":177,"minecraft:talked_to_villager":553,"minecraft:play_time":732059,"minecraft:deaths":7,"minecraft:jump":12259,"minecraft:interact_with_brewingstand":5,"minecraft:walk_on_water_one_cm":73942,"minecraft:interact_with_furnace":56,"minecraft:traded_with_villager":1059,"minecraft:sleep_in_bed":36,"minecraft:damage_dealt":36325,"minecraft:crouch_one_cm":37874,"minecraft:interact_with_smoker":4,"minecraft:mob_kills":163,"minecraft:interact_with_anvil":2,"minecraft:inspect_hopper":11,"minecraft:interact_with_campfire":94,"minecraft:climb_one_cm":13906,"minecraft:walk_one_cm":1766884,"minecraft:sneak_time":15788,"minecraft:walk_under_water_one_cm":28477,"minecraft:boat_one_cm":879,"minecraft:total_world_time":732059,"minecraft:interact_with_grindstone":2,"minecraft:time_since_rest":780,"minecraft:damage_taken":7989,"minecraft:swim_one_cm":54361,"minecraft:fly_one_cm":2473677,"minecraft:open_chest":731,"minecraft:fall_one_cm":357006},"minecraft:used":{"minecraft:iron_shovel":1337,"minecraft:spruce_slab":166,"minecraft:ladder":6,"minecraft:poppy":8,"minecraft:chest":10,"minecraft:shield":109,"minecraft:iron_sword":59,"minecraft:iron_chestplate":1,"minecraft:nether_bricks":44,"minecraft:carrot":8,"minecraft:snowball":118,"minecraft:spruce_boat":4,"minecraft:jungle_sapling":1,"minecraft:lava_bucket":1,"minecraft:lantern":5,"minecraft:crimson_roots":1,"minecraft:golden_sword":12,"minecraft:bow":24,"minecraft:warped_fungus":1,"minecraft:sweet_berries":41,"minecraft:furnace":3,"minecraft:potato":18,"minecraft:stripped_spruce_wood":1,"minecraft:diamond_boots":1,"minecraft:oak_planks":56,"minecraft:stone_pickaxe":113,"minecraft:blackstone":11,"minecraft:wooden_pickaxe":3,"minecraft:blue_bed":5,"minecraft:diamond_axe":294,"minecraft:sugar_cane":2,"minecraft:cookie":44,"minecraft:white_wool":1,"minecraft:crossbow":4,"minecraft:shears":4,"minecraft:redstone_torch":1,"minecraft:bread":18,"minecraft:string":15,"minecraft:lectern":188,"minecraft:gravel":21,"minecraft:golden_helmet":1,"minecraft:nether_wart_block":6,"minecraft:grindstone":9,"minecraft:oak_boat":2,"minecraft:bone_meal":7,"minecraft:oak_trapdoor":2,"minecraft:stone_shovel":52,"minecraft:spruce_planks":119,"minecraft:netherrack":349,"minecraft:torch":46,"minecraft:dirt":773,"minecraft:anvil":1,"minecraft:white_carpet":2,"minecraft:hopper":5,"minecraft:chainmail_chestplate":2,"minecraft:spruce_stairs":36,"minecraft:twisting_vines":2,"minecraft:diamond_helmet":1,"minecraft:spruce_fence":30,"minecraft:wooden_axe":25,"minecraft:bookshelf":4,"minecraft:iron_axe":1338,"minecraft:iron_boots":5,"minecraft:crimson_planks":270,"minecraft:barrel":1,"minecraft:diamond_chestplate":1,"minecraft:tripwire_hook":4,"minecraft:basalt":16,"minecraft:golden_carrot":31,"minecraft:emerald_block":59,"minecraft:minecart":19,"minecraft:cooked_mutton":8,"minecraft:water_bucket":79,"minecraft:warped_stem":3,"minecraft:baked_potato":82,"minecraft:spruce_sign":9,"minecraft:rail":161,"minecraft:oak_slab":3,"minecraft:red_bed":2,"minecraft:crafting_table":7,"minecraft:white_bed":5,"minecraft:spruce_log":4,"minecraft:apple":5,"minecraft:cracked_polished_blackstone_bricks":2,"minecraft:iron_pickaxe":938,"minecraft:suspicious_stew":2,"minecraft:spruce_trapdoor":3,"minecraft:spruce_sapling":22,"minecraft:golden_leggings":1,"minecraft:stone_axe":86,"minecraft:cobblestone":6,"minecraft:cooked_porkchop":16,"minecraft:bucket":82,"minecraft:diamond_leggings":1,"minecraft:splash_potion":1,"minecraft:chainmail_leggings":4},"minecraft:crafted":{"minecraft:grindstone":2,"minecraft:oak_planks":64,"minecraft:stone":86,"minecraft:bookshelf":10,"minecraft:cooked_mutton":8,"minecraft:suspicious_stew":4,"minecraft:warped_planks":40,"minecraft:hopper":5,"minecraft:bow":2,"minecraft:diamond_helmet":3,"minecraft:diamond_leggings":2,"minecraft:chest":13,"minecraft:rail":16,"minecraft:emerald":1434,"minecraft:cooked_porkchop":15,"minecraft:diamond_axe":1,"minecraft:crafting_table":5,"minecraft:spruce_planks":224,"minecraft:wooden_pickaxe":1,"minecraft:apple":44,"minecraft:spruce_trapdoor":2,"minecraft:lectern":6,"minecraft:book":3,"minecraft:paper":9,"minecraft:emerald_block":56,"minecraft:stick":72,"minecraft:stone_slab":12,"minecraft:iron_ingot":10,"minecraft:iron_pickaxe":5,"minecraft:iron_block":3,"minecraft:gold_ingot":11,"minecraft:shears":1,"minecraft:golden_carrot":138,"minecraft:cookie":216,"minecraft:stone_shovel":1,"minecraft:tripwire_hook":2,"minecraft:furnace":2,"minecraft:bone_meal":6,"minecraft:spruce_fence":12,"minecraft:spruce_stairs":48,"minecraft:iron_axe":26,"minecraft:spruce_slab":54,"minecraft:stone_pickaxe":1,"minecraft:diamond_boots":2,"minecraft:spruce_boat":1,"minecraft:jungle_sapling":1,"minecraft:golden_helmet":1,"minecraft:minecart":3,"minecraft:crimson_planks":462,"minecraft:diamond_sword":1,"minecraft:spruce_sign":9,"minecraft:bucket":2,"minecraft:stone_axe":1,"minecraft:enchanted_book":10,"minecraft:bread":96,"minecraft:air":0,"minecraft:wooden_axe":2,"minecraft:iron_shovel":7,"minecraft:anvil":1,"minecraft:white_bed":1,"minecraft:torch":24,"minecraft:diamond_chestplate":2},"minecraft:dropped":{"minecraft:spruce_sign":2,"minecraft:diamond_axe":1,"minecraft:cooked_porkchop":2,"minecraft:weeping_vines":1,"minecraft:cookie":108,"minecraft:emerald":3,"minecraft:dirt":2,"minecraft:snowball":80,"minecraft:gold_nugget":8,"minecraft:iron_pickaxe":3,"minecraft:gold_ingot":8,"minecraft:bone":4,"minecraft:rotten_flesh":7,"minecraft:poppy":6,"minecraft:tipped_arrow":1,"minecraft:gunpowder":1,"minecraft:arrow":2,"minecraft:enchanted_book":6,"minecraft:iron_ingot":11,"minecraft:bread":48,"minecraft:wheat_seeds":1,"minecraft:minecart":1,"minecraft:lead":1,"minecraft:cobblestone":55,"minecraft:apple":22,"minecraft:grass_block":1,"minecraft:golden_carrot":50,"minecraft:diamond_helmet":1,"minecraft:iron_axe":2,"minecraft:string":9,"minecraft:furnace":2,"minecraft:stone_sword":1,"minecraft:diamond_sword":1,"minecraft:potato":1,"minecraft:spruce_boat":1,"minecraft:stone":20,"minecraft:golden_leggings":1,"minecraft:spider_eye":1,"minecraft:spruce_log":101,"minecraft:bow":2},"minecraft:picked_up":{"minecraft:iron_chestplate":1,"minecraft:wheat":9,"minecraft:nether_brick_fence":4,"minecraft:lead":4,"minecraft:enchanted_book":2,"minecraft:crimson_planks":47,"minecraft:brewing_stand":1,"minecraft:string":12292,"minecraft:beetroot":1,"minecraft:diamond_leggings":2,"minecraft:gold_nugget":123,"minecraft:spruce_planks":257,"minecraft:redstone_torch":1,"minecraft:iron_pickaxe":4,"minecraft:furnace":10,"minecraft:iron_boots":2,"minecraft:tipped_arrow":6,"minecraft:golden_helmet":2,"minecraft:stick":15,"minecraft:composter":1,"minecraft:torch":26,"minecraft:spruce_stairs":53,"minecraft:porkchop":24,"minecraft:stone_sword":2,"minecraft:rotten_flesh":17,"minecraft:blaze_rod":7,"minecraft:snowball":901,"minecraft:cobblestone":177,"minecraft:water_bucket":1,"minecraft:golden_leggings":2,"minecraft:potato":63,"minecraft:flint":2,"minecraft:stripped_spruce_wood":145,"minecraft:dirt":1175,"minecraft:lantern":5,"minecraft:twisting_vines":3,"minecraft:bone":19,"minecraft:bow":2,"minecraft:wheat_seeds":19,"minecraft:grindstone":9,"minecraft:diamond_helmet":2,"minecraft:glowstone_dust":24,"minecraft:oak_planks":15,"minecraft:chiseled_polished_blackstone":1,"minecraft:cooked_porkchop":14,"minecraft:stripped_spruce_log":3,"minecraft:grass_block":5,"minecraft:spectral_arrow":11,"minecraft:barrel":2,"minecraft:spruce_boat":5,"minecraft:cracked_polished_blackstone_bricks":43,"minecraft:crossbow":2,"minecraft:bone_meal":1,"minecraft:spruce_sign":2,"minecraft:emerald":2,"minecraft:bread":3,"minecraft:netherrack":353,"minecraft:crimson_roots":12,"minecraft:crafting_table":3,"minecraft:splash_potion":6,"minecraft:chicken":1,"minecraft:ladder":1,"minecraft:wooden_pickaxe":2,"minecraft:shield":4,"minecraft:oak_trapdoor":2,"minecraft:red_bed":3,"minecraft:iron_axe":3,"minecraft:white_carpet":2,"minecraft:blackstone":11,"minecraft:oak_boat":2,"minecraft:lectern":183,"minecraft:poppy":21,"minecraft:spruce_slab":111,"minecraft:minecart":18,"minecraft:sugar_cane":8,"minecraft:chest":2,"minecraft:spruce_trapdoor":2,"minecraft:raw_iron":5,"minecraft:stone":21,"minecraft:spruce_fence":12,"minecraft:fire_charge":1,"minecraft:polished_blackstone_bricks":75,"minecraft:carrot":8,"minecraft:redstone":10,"minecraft:arrow":24,"minecraft:weeping_vines":2,"minecraft:diamond_chestplate":1,"minecraft:beetroot_seeds":3,"minecraft:nether_bricks":44,"minecraft:diamond_boots":1,"minecraft:gold_ingot":3,"minecraft:mutton":8,"minecraft:white_wool":5,"minecraft:rail":156,"minecraft:basalt":20,"minecraft:golden_carrot":30,"minecraft:tripwire_hook":2,"minecraft:crimson_stem":116,"minecraft:leather":5,"minecraft:red_mushroom":1,"minecraft:oak_log":28,"minecraft:nether_wart_block":9,"minecraft:gunpowder":9,"minecraft:blue_bed":9,"minecraft:cooked_mutton":3,"minecraft:apple":6,"minecraft:warped_stem":13,"minecraft:iron_ingot":55,"minecraft:stone_pickaxe":1,"minecraft:iron_sword":1,"minecraft:book":12,"minecraft:oak_slab":11,"minecraft:warped_fungus":7,"minecraft:emerald_block":60,"minecraft:sweet_berries":92,"minecraft:quartz":3,"minecraft:gravel":21,"minecraft:spruce_sapling":24,"minecraft:white_bed":6,"minecraft:spruce_log":112,"minecraft:crying_obsidian":5,"minecraft:spruce_door":8,"minecraft:spider_eye":2,"minecraft:stone_axe":1,"minecraft:chainmail_leggings":2,"minecraft:diamond_axe":1,"minecraft:baked_potato":80,"minecraft:coal":166,"minecraft:hopper":1,"minecraft:ender_pearl":3},"minecraft:killed":{"minecraft:witch":2,"minecraft:spider":17,"minecraft:skeleton":7,"minecraft:piglin_brute":2,"minecraft:magma_cube":17,"minecraft:piglin":10,"minecraft:pig":6,"minecraft:iron_golem":14,"minecraft:creeper":11,"minecraft:sheep":4,"minecraft:trader_llama":2,"minecraft:zombie":21,"minecraft:stray":9,"minecraft:blaze":18,"minecraft:wandering_trader":1,"minecraft:hoglin":3,"minecraft:wither_skeleton":6,"minecraft:enderman":7}},"DataVersion":3953}