{"stats":{"minecraft:broken":{"minecraft:iron_shovel":3,"minecraft:iron_axe":4,"minecraft:stone_axe":1,"minecraft:iron_pickaxe":1},"minecraft:mined":{"minecraft:spruce_planks":255,"minecraft:white_bed":5,"minecraft:farmland":11,"minecraft:brewing_stand":1,"minecraft:spruce_trapdoor":2,"minecraft:ladder":1,"minecraft:grass_block":240,"minecraft:spruce_fence":10,"minecraft:spruce_leaves":9,"minecraft:composter":1,"minecraft:oak_trapdoor":1,"minecraft:furnace":6,"minecraft:carrots":2,"minecraft:iron_ore":5,"minecraft:barrel":1,"minecraft:snow":497,"minecraft:stripped_spruce_log":3,"minecraft:potatoes":13,"minecraft:dirt_path":87,"minecraft:rail":129,"minecraft:packed_ice":45,"minecraft:stone":129,"minecraft:spruce_slab":99,"minecraft:tripwire":6,"minecraft:oak_slab":5,"minecraft:glass_pane":11,"minecraft:red_bed":3,"minecraft:snow_block":24,"minecraft:crafting_table":2,"minecraft:torch":9,"minecraft:short_grass":31,"minecraft:chest":1,"minecraft:tall_grass":3,"minecraft:grindstone":2,"minecraft:sugar_cane":1,"minecraft:oak_planks":13,"minecraft:blue_bed":7,"minecraft:wall_torch":4,"minecraft:spruce_stairs":51,"minecraft:stripped_spruce_wood":141,"minecraft:blue_ice":1,"minecraft:redstone_torch":1,"minecraft:wheat":3,"minecraft:sweet_berry_bush":6,"minecraft:ice":19,"minecraft:white_carpet":1,"minecraft:spruce_log":7,"minecraft:oak_log":16,"minecraft:coal_ore":86,"minecraft:dirt":195,"minecraft:tripwire_hook":2,"minecraft:oak_leaves":4,"minecraft:emerald_block":3,"minecraft:fern":1},"minecraft:custom":{"minecraft:mob_kills":68,"minecraft:inspect_hopper":3,"minecraft:interact_with_crafting_table":64,"minecraft:open_barrel":2,"minecraft:interact_with_campfire":94,"minecraft:bell_ring":2,"minecraft:leave_game":3,"minecraft:time_since_death":357249,"minecraft:climb_one_cm":11614,"minecraft:sprint_one_cm":770495,"minecraft:walk_one_cm":988720,"minecraft:damage_blocked_by_shield":595,"minecraft:drop":143,"minecraft:talked_to_villager":143,"minecraft:play_time":380031,"minecraft:deaths":1,"minecraft:sneak_time":5155,"minecraft:walk_under_water_one_cm":28477,"minecraft:boat_one_cm":879,"minecraft:jump":5199,"minecraft:interact_with_brewingstand":1,"minecraft:walk_on_water_one_cm":73800,"minecraft:total_world_time":380031,"minecraft:interact_with_furnace":42,"minecraft:traded_with_villager":764,"minecraft:sleep_in_bed":24,"minecraft:time_since_rest":5007,"minecraft:damage_taken":3690,"minecraft:damage_dealt":20877,"minecraft:swim_one_cm":54361,"minecraft:fly_one_cm":916693,"minecraft:open_chest":414,"minecraft:crouch_one_cm":10849,"minecraft:interact_with_smoker":3,"minecraft:fall_one_cm":145223},"minecraft:used":{"minecraft:oak_trapdoor":2,"minecraft:iron_shovel":992,"minecraft:spruce_slab":157,"minecraft:stone_shovel":52,"minecraft:ladder":6,"minecraft:poppy":6,"minecraft:chest":6,"minecraft:spruce_planks":114,"minecraft:shield":19,"minecraft:iron_chestplate":1,"minecraft:torch":29,"minecraft:dirt":320,"minecraft:white_carpet":2,"minecraft:hopper":5,"minecraft:spruce_stairs":7,"minecraft:carrot":8,"minecraft:diamond_helmet":1,"minecraft:spruce_fence":30,"minecraft:snowball":48,"minecraft:spruce_boat":4,"minecraft:lava_bucket":1,"minecraft:lantern":5,"minecraft:iron_axe":854,"minecraft:iron_boots":3,"minecraft:barrel":1,"minecraft:diamond_chestplate":1,"minecraft:tripwire_hook":4,"minecraft:emerald_block":59,"minecraft:sweet_berries":16,"minecraft:furnace":3,"minecraft:minecart":9,"minecraft:potato":18,"minecraft:cooked_mutton":8,"minecraft:water_bucket":79,"minecraft:diamond_boots":1,"minecraft:baked_potato":59,"minecraft:stone_pickaxe":113,"minecraft:oak_planks":56,"minecraft:wooden_pickaxe":3,"minecraft:spruce_sign":9,"minecraft:blue_bed":5,"minecraft:white_wool":1,"minecraft:rail":89,"minecraft:oak_slab":1,"minecraft:crafting_table":3,"minecraft:red_bed":2,"minecraft:white_bed":5,"minecraft:shears":4,"minecraft:redstone_torch":1,"minecraft:apple":5,"minecraft:iron_pickaxe":253,"minecraft:string":15,"minecraft:bread":6,"minecraft:spruce_trapdoor":3,"minecraft:stone_axe":86,"minecraft:cobblestone":6,"minecraft:cooked_porkchop":16,"minecraft:bucket":82,"minecraft:oak_boat":2,"minecraft:diamond_leggings":1,"minecraft:chainmail_leggings":2},"minecraft:dropped":{"minecraft:spruce_sign":2,"minecraft:bread":48,"minecraft:iron_ingot":11,"minecraft:wheat_seeds":1,"minecraft:cooked_porkchop":2,"minecraft:cookie":108,"minecraft:cobblestone":55,"minecraft:lead":1,"minecraft:apple":22,"minecraft:grass_block":1,"minecraft:emerald":1,"minecraft:dirt":2,"minecraft:snowball":80,"minecraft:iron_axe":2,"minecraft:iron_pickaxe":2,"minecraft:string":9,"minecraft:bone":4,"minecraft:furnace":2,"minecraft:rotten_flesh":6,"minecraft:poppy":6,"minecraft:spruce_boat":1,"minecraft:tipped_arrow":1,"minecraft:potato":1,"minecraft:stone":20,"minecraft:arrow":2,"minecraft:bow":2},"minecraft:crafted":{"minecraft:golden_carrot":36,"minecraft:cookie":216,"minecraft:oak_planks":64,"minecraft:stone_shovel":1,"minecraft:tripwire_hook":2,"minecraft:furnace":2,"minecraft:stone":86,"minecraft:spruce_fence":12,"minecraft:suspicious_stew":4,"minecraft:cooked_mutton":8,"minecraft:hopper":5,"minecraft:spruce_stairs":4,"minecraft:diamond_helmet":1,"minecraft:diamond_leggings":1,"minecraft:iron_axe":5,"minecraft:spruce_slab":24,"minecraft:stone_pickaxe":1,"minecraft:chest":10,"minecraft:diamond_boots":1,"minecraft:spruce_boat":1,"minecraft:jungle_sapling":1,"minecraft:emerald":704,"minecraft:cooked_porkchop":15,"minecraft:spruce_sign":9,"minecraft:crafting_table":1,"minecraft:spruce_planks":88,"minecraft:wooden_pickaxe":1,"minecraft:bucket":2,"minecraft:stone_axe":1,"minecraft:bread":96,"minecraft:air":0,"minecraft:apple":44,"minecraft:spruce_trapdoor":2,"minecraft:emerald_block":56,"minecraft:stick":40,"minecraft:iron_ingot":10,"minecraft:iron_pickaxe":1,"minecraft:iron_shovel":4,"minecraft:white_bed":1,"minecraft:torch":24,"minecraft:shears":1,"minecraft:diamond_chestplate":1},"minecraft:picked_up":{"minecraft:crafting_table":3,"minecraft:iron_chestplate":1,"minecraft:wheat":9,"minecraft:splash_potion":1,"minecraft:ladder":1,"minecraft:lead":4,"minecraft:wooden_pickaxe":2,"minecraft:brewing_stand":1,"minecraft:shield":1,"minecraft:oak_trapdoor":2,"minecraft:string":12153,"minecraft:red_bed":3,"minecraft:iron_axe":2,"minecraft:white_carpet":2,"minecraft:beetroot":1,"minecraft:spruce_planks":253,"minecraft:oak_boat":2,"minecraft:redstone_torch":1,"minecraft:iron_pickaxe":2,"minecraft:poppy":19,"minecraft:spruce_slab":104,"minecraft:minecart":9,"minecraft:chest":1,"minecraft:sugar_cane":6,"minecraft:spruce_trapdoor":2,"minecraft:furnace":10,"minecraft:iron_boots":2,"minecraft:tipped_arrow":3,"minecraft:stick":7,"minecraft:raw_iron":5,"minecraft:stone":21,"minecraft:composter":1,"minecraft:torch":23,"minecraft:spruce_stairs":51,"minecraft:spruce_fence":12,"minecraft:porkchop":16,"minecraft:carrot":8,"minecraft:redstone":10,"minecraft:arrow":9,"minecraft:rotten_flesh":13,"minecraft:beetroot_seeds":3,"minecraft:mutton":8,"minecraft:rail":129,"minecraft:snowball":731,"minecraft:white_wool":5,"minecraft:cobblestone":177,"minecraft:tripwire_hook":2,"minecraft:water_bucket":1,"minecraft:leather":3,"minecraft:potato":63,"minecraft:stripped_spruce_wood":141,"minecraft:oak_log":28,"minecraft:gunpowder":3,"minecraft:dirt":975,"minecraft:blue_bed":8,"minecraft:lantern":5,"minecraft:cooked_mutton":3,"minecraft:bone":9,"minecraft:apple":6,"minecraft:bow":2,"minecraft:wheat_seeds":16,"minecraft:grindstone":2,"minecraft:iron_ingot":51,"minecraft:stone_pickaxe":1,"minecraft:glowstone_dust":1,"minecraft:oak_planks":15,"minecraft:oak_slab":9,"minecraft:emerald_block":3,"minecraft:cooked_porkchop":14,"minecraft:sweet_berries":19,"minecraft:stripped_spruce_log":3,"minecraft:spruce_sapling":1,"minecraft:grass_block":2,"minecraft:white_bed":6,"minecraft:spruce_log":7,"minecraft:barrel":2,"minecraft:spruce_door":7,"minecraft:spider_eye":1,"minecraft:spruce_boat":5,"minecraft:stone_axe":1,"minecraft:chainmail_leggings":2,"minecraft:spruce_sign":2,"minecraft:bread":3,"minecraft:baked_potato":80,"minecraft:coal":165},"minecraft:killed":{"minecraft:witch":2,"minecraft:spider":9,"minecraft:skeleton":4,"minecraft:pig":6,"minecraft:iron_golem":14,"minecraft:wandering_trader":1,"minecraft:creeper":5,"minecraft:sheep":4,"minecraft:trader_llama":2,"minecraft:zombie":12,"minecraft:stray":6,"minecraft:enderman":2}},"DataVersion":3953}