{"stats":{"minecraft:crafted":{"minecraft:oak_planks":64,"minecraft:stone_shovel":1,"minecraft:tripwire_hook":2,"minecraft:cooked_porkchop":15,"minecraft:crafting_table":1,"minecraft:spruce_planks":8,"minecraft:wooden_pickaxe":1,"minecraft:furnace":2,"minecraft:bucket":1,"minecraft:stone_axe":1,"minecraft:cooked_mutton":8,"minecraft:air":0,"minecraft:iron_axe":1,"minecraft:stick":20,"minecraft:iron_ingot":4,"minecraft:iron_pickaxe":1,"minecraft:stone_pickaxe":1,"minecraft:white_bed":1,"minecraft:torch":24},"minecraft:broken":{"minecraft:stone_axe":1},"minecraft:mined":{"minecraft:spruce_planks":11,"minecraft:white_bed":3,"minecraft:red_bed":1,"minecraft:brewing_stand":1,"minecraft:crafting_table":2,"minecraft:short_grass":10,"minecraft:grass_block":5,"minecraft:tall_grass":3,"minecraft:spruce_leaves":7,"minecraft:composter":1,"minecraft:grindstone":2,"minecraft:sugar_cane":1,"minecraft:oak_planks":10,"minecraft:blue_bed":4,"minecraft:oak_trapdoor":1,"minecraft:furnace":2,"minecraft:redstone_torch":1,"minecraft:iron_ore":5,"minecraft:snow":18,"minecraft:ice":4,"minecraft:white_carpet":1,"minecraft:spruce_log":6,"minecraft:oak_log":16,"minecraft:coal_ore":86,"minecraft:dirt":10,"minecraft:packed_ice":3,"minecraft:tripwire_hook":2,"minecraft:stone":31,"minecraft:tripwire":1,"minecraft:oak_leaves":4,"minecraft:spruce_slab":1,"minecraft:fern":1},"minecraft:dropped":{"minecraft:wheat_seeds":1,"minecraft:cooked_porkchop":2,"minecraft:potato":1,"minecraft:string":2},"minecraft:custom":{"minecraft:interact_with_furnace":23,"minecraft:mob_kills":32,"minecraft:interact_with_crafting_table":18,"minecraft:bell_ring":2,"minecraft:leave_game":1,"minecraft:time_since_death":45738,"minecraft:sleep_in_bed":2,"minecraft:climb_one_cm":1818,"minecraft:time_since_rest":43088,"minecraft:sprint_one_cm":245426,"minecraft:damage_taken":1624,"minecraft:walk_one_cm":171028,"minecraft:drop":5,"minecraft:damage_dealt":6308,"minecraft:swim_one_cm":54361,"minecraft:talked_to_villager":1,"minecraft:fly_one_cm":405086,"minecraft:open_chest":6,"minecraft:crouch_one_cm":1350,"minecraft:play_time":68520,"minecraft:deaths":1,"minecraft:sneak_time":735,"minecraft:walk_under_water_one_cm":11770,"minecraft:jump":1775,"minecraft:interact_with_brewingstand":1,"minecraft:walk_on_water_one_cm":25963,"minecraft:total_world_time":68520,"minecraft:fall_one_cm":42017},"minecraft:killed":{"minecraft:pig":6,"minecraft:witch":1,"minecraft:spider":6,"minecraft:creeper":3,"minecraft:skeleton":1,"minecraft:sheep":4,"minecraft:zombie":7,"minecraft:stray":3},"minecraft:picked_up":{"minecraft:crafting_table":3,"minecraft:wheat":5,"minecraft:splash_potion":1,"minecraft:tripwire_hook":2,"minecraft:water_bucket":1,"minecraft:wooden_pickaxe":1,"minecraft:potato":1,"minecraft:oak_log":28,"minecraft:brewing_stand":1,"minecraft:shield":1,"minecraft:gunpowder":1,"minecraft:oak_trapdoor":2,"minecraft:string":501,"minecraft:blue_bed":4,"minecraft:dirt":14,"minecraft:red_bed":1,"minecraft:cooked_mutton":3,"minecraft:white_carpet":2,"minecraft:bone":4,"minecraft:apple":6,"minecraft:wheat_seeds":1,"minecraft:spruce_planks":11,"minecraft:grindstone":2,"minecraft:iron_ingot":15,"minecraft:stone_pickaxe":1,"minecraft:redstone_torch":1,"minecraft:spruce_slab":1,"minecraft:sugar_cane":6,"minecraft:oak_planks":13,"minecraft:furnace":4,"minecraft:tipped_arrow":1,"minecraft:stick":6,"minecraft:raw_iron":5,"minecraft:cooked_porkchop":13,"minecraft:composter":1,"minecraft:spruce_fence":2,"minecraft:porkchop":16,"minecraft:spruce_sapling":1,"minecraft:white_bed":4,"minecraft:spruce_log":6,"minecraft:redstone":4,"minecraft:spider_eye":1,"minecraft:arrow":6,"minecraft:rotten_flesh":4,"minecraft:stone_axe":1,"minecraft:bread":3,"minecraft:mutton":8,"minecraft:snowball":40,"minecraft:coal":165,"minecraft:white_wool":5,"minecraft:cobblestone":37},"minecraft:used":{"minecraft:oak_trapdoor":2,"minecraft:cooked_mutton":8,"minecraft:water_bucket":35,"minecraft:stone_pickaxe":110,"minecraft:spruce_slab":1,"minecraft:stone_shovel":52,"minecraft:oak_planks":54,"minecraft:spruce_planks":15,"minecraft:wooden_pickaxe":3,"minecraft:blue_bed":4,"minecraft:white_wool":1,"minecraft:torch":8,"minecraft:dirt":9,"minecraft:white_carpet":2,"minecraft:crafting_table":3,"minecraft:red_bed":1,"minecraft:white_bed":4,"minecraft:spruce_fence":2,"minecraft:snowball":24,"minecraft:redstone_torch":1,"minecraft:apple":5,"minecraft:string":3,"minecraft:iron_axe":77,"minecraft:iron_pickaxe":20,"minecraft:stone_axe":86,"minecraft:tripwire_hook":4,"minecraft:cobblestone":5,"minecraft:furnace":2,"minecraft:cooked_porkchop":13,"minecraft:bucket":35}},"DataVersion":3953}