{"stats":{"minecraft:used":{"minecraft:iron_shovel":1892,"minecraft:spruce_slab":166,"minecraft:ladder":6,"minecraft:poppy":8,"minecraft:shield":125,"minecraft:chest":10,"minecraft:iron_sword":59,"minecraft:iron_chestplate":1,"minecraft:nether_bricks":44,"minecraft:carrot":8,"minecraft:snowball":185,"minecraft:spruce_boat":8,"minecraft:jungle_sapling":1,"minecraft:lava_bucket":1,"minecraft:lantern":5,"minecraft:warped_nylium":6,"minecraft:crimson_roots":1,"minecraft:golden_sword":12,"minecraft:bow":24,"minecraft:warped_fungus":1,"minecraft:sweet_berries":41,"minecraft:furnace":3,"minecraft:potato":18,"minecraft:stripped_spruce_wood":1,"minecraft:diamond_boots":1,"minecraft:oak_planks":56,"minecraft:stone_pickaxe":113,"minecraft:blackstone":16,"minecraft:ender_pearl":9,"minecraft:wooden_pickaxe":3,"minecraft:blue_bed":5,"minecraft:diamond_axe":575,"minecraft:sugar_cane":5,"minecraft:cookie":44,"minecraft:white_wool":1,"minecraft:crossbow":40,"minecraft:shears":4,"minecraft:redstone_torch":1,"minecraft:bread":18,"minecraft:string":15,"minecraft:lectern":254,"minecraft:gravel":21,"minecraft:golden_helmet":2,"minecraft:nether_wart_block":6,"minecraft:diamond_sword":469,"minecraft:grindstone":10,"minecraft:oak_boat":2,"minecraft:bone_meal":28,"minecraft:oak_trapdoor":2,"minecraft:stone_shovel":52,"minecraft:spruce_planks":185,"minecraft:wooden_shovel":4,"minecraft:netherrack":360,"minecraft:torch":53,"minecraft:dirt":896,"minecraft:anvil":2,"minecraft:white_carpet":2,"minecraft:hopper":5,"minecraft:chainmail_chestplate":2,"minecraft:spruce_stairs":74,"minecraft:twisting_vines":2,"minecraft:diamond_helmet":1,"minecraft:spruce_fence":30,"minecraft:wooden_axe":25,"minecraft:bookshelf":8,"minecraft:iron_axe":1338,"minecraft:iron_boots":5,"minecraft:crimson_planks":270,"minecraft:barrel":1,"minecraft:diamond_chestplate":1,"minecraft:tripwire_hook":4,"minecraft:basalt":24,"minecraft:golden_carrot":68,"minecraft:emerald_block":59,"minecraft:minecart":22,"minecraft:cobbled_deepslate":20,"minecraft:cooked_mutton":8,"minecraft:water_bucket":160,"minecraft:warped_stem":3,"minecraft:baked_potato":82,"minecraft:spruce_sign":9,"minecraft:rail":195,"minecraft:crafting_table":9,"minecraft:oak_slab":3,"minecraft:red_bed":2,"minecraft:white_bed":5,"minecraft:spruce_log":19,"minecraft:ender_eye":18,"minecraft:apple":5,"minecraft:cracked_polished_blackstone_bricks":2,"minecraft:iron_pickaxe":1032,"minecraft:suspicious_stew":2,"minecraft:spruce_trapdoor":9,"minecraft:spruce_sapling":36,"minecraft:golden_leggings":1,"minecraft:stone_axe":86,"minecraft:cobblestone":49,"minecraft:cooked_porkchop":16,"minecraft:bucket":164,"minecraft:dandelion":1,"minecraft:diamond_leggings":1,"minecraft:splash_potion":1,"minecraft:chainmail_leggings":4},"minecraft:picked_up":{"minecraft:iron_chestplate":1,"minecraft:wheat":9,"minecraft:nether_brick_fence":4,"minecraft:lead":4,"minecraft:enchanted_book":2,"minecraft:crimson_planks":47,"minecraft:brewing_stand":1,"minecraft:amethyst_block":8,"minecraft:string":12305,"minecraft:beetroot":1,"minecraft:diamond_leggings":2,"minecraft:gold_nugget":123,"minecraft:cobbled_deepslate":28,"minecraft:spruce_planks":268,"minecraft:redstone_torch":1,"minecraft:calcite":2,"minecraft:ender_eye":6,"minecraft:wooden_shovel":1,"minecraft:iron_pickaxe":4,"minecraft:furnace":10,"minecraft:iron_boots":2,"minecraft:tipped_arrow":6,"minecraft:golden_helmet":2,"minecraft:stick":22,"minecraft:composter":1,"minecraft:torch":30,"minecraft:spruce_stairs":55,"minecraft:porkchop":24,"minecraft:diorite":17,"minecraft:stone_sword":2,"minecraft:rotten_flesh":27,"minecraft:blaze_rod":8,"minecraft:iron_bars":4,"minecraft:snowball":1127,"minecraft:cobblestone":235,"minecraft:water_bucket":1,"minecraft:andesite":14,"minecraft:golden_leggings":2,"minecraft:potato":63,"minecraft:flint":2,"minecraft:stripped_spruce_wood":145,"minecraft:dirt":1239,"minecraft:lantern":5,"minecraft:twisting_vines":4,"minecraft:bone":41,"minecraft:bow":4,"minecraft:wheat_seeds":24,"minecraft:grindstone":9,"minecraft:mossy_stone_bricks":1,"minecraft:diamond_helmet":2,"minecraft:glowstone_dust":24,"minecraft:oak_planks":15,"minecraft:chiseled_polished_blackstone":1,"minecraft:cooked_porkchop":14,"minecraft:warped_wart_block":2,"minecraft:stripped_spruce_log":3,"minecraft:grass_block":5,"minecraft:spectral_arrow":11,"minecraft:barrel":2,"minecraft:diamond":2,"minecraft:spruce_boat":9,"minecraft:cracked_polished_blackstone_bricks":43,"minecraft:crossbow":2,"minecraft:granite":18,"minecraft:bone_meal":1,"minecraft:spruce_sign":2,"minecraft:emerald":2,"minecraft:bread":3,"minecraft:chorus_fruit":9,"minecraft:netherrack":364,"minecraft:crimson_roots":12,"minecraft:crafting_table":3,"minecraft:splash_potion":6,"minecraft:chicken":1,"minecraft:ladder":1,"minecraft:brown_mushroom":1,"minecraft:wooden_pickaxe":2,"minecraft:gold_block":1,"minecraft:shield":4,"minecraft:oak_trapdoor":2,"minecraft:red_bed":3,"minecraft:iron_axe":3,"minecraft:white_carpet":2,"minecraft:blackstone":16,"minecraft:oak_boat":2,"minecraft:lectern":247,"minecraft:poppy":21,"minecraft:spruce_slab":111,"minecraft:minecart":21,"minecraft:sugar_cane":12,"minecraft:chest":2,"minecraft:spruce_trapdoor":2,"minecraft:raw_iron":5,"minecraft:end_stone":2,"minecraft:stone":21,"minecraft:spruce_fence":12,"minecraft:fire_charge":1,"minecraft:polished_blackstone_bricks":75,"minecraft:carrot":8,"minecraft:redstone":10,"minecraft:arrow":38,"minecraft:weeping_vines":2,"minecraft:diamond_chestplate":1,"minecraft:beetroot_seeds":3,"minecraft:nether_bricks":46,"minecraft:diamond_boots":1,"minecraft:gold_ingot":3,"minecraft:mutton":8,"minecraft:white_wool":5,"minecraft:rail":196,"minecraft:basalt":28,"minecraft:golden_carrot":30,"minecraft:tripwire_hook":2,"minecraft:crimson_stem":116,"minecraft:leather":5,"minecraft:red_mushroom":1,"minecraft:oak_log":28,"minecraft:nether_wart_block":9,"minecraft:gunpowder":10,"minecraft:blue_bed":9,"minecraft:cooked_mutton":3,"minecraft:stone_bricks":2,"minecraft:apple":6,"minecraft:warped_stem":14,"minecraft:iron_ingot":55,"minecraft:stone_pickaxe":1,"minecraft:iron_sword":1,"minecraft:book":24,"minecraft:oak_slab":11,"minecraft:warped_fungus":8,"minecraft:emerald_block":60,"minecraft:sweet_berries":95,"minecraft:quartz":3,"minecraft:dandelion":1,"minecraft:gravel":21,"minecraft:spruce_sapling":38,"minecraft:white_bed":6,"minecraft:spruce_log":181,"minecraft:crying_obsidian":5,"minecraft:spruce_door":8,"minecraft:spider_eye":9,"minecraft:stone_axe":1,"minecraft:chainmail_leggings":2,"minecraft:diamond_axe":2,"minecraft:warped_roots":8,"minecraft:baked_potato":80,"minecraft:warped_nylium":8,"minecraft:coal":166,"minecraft:hopper":1,"minecraft:ender_pearl":42},"minecraft:broken":{"minecraft:iron_shovel":7,"minecraft:stone_axe":1,"minecraft:iron_axe":6,"minecraft:iron_pickaxe":3},"minecraft:mined":{"minecraft:spruce_planks":271,"minecraft:white_bed":5,"minecraft:farmland":11,"minecraft:brewing_stand":1,"minecraft:spruce_trapdoor":2,"minecraft:grass_block":405,"minecraft:cracked_polished_blackstone_bricks":39,"minecraft:composter":1,"minecraft:spawner":1,"minecraft:polished_blackstone_bricks":69,"minecraft:weeping_vines_plant":3,"minecraft:glowstone":7,"minecraft:iron_ore":5,"minecraft:fire":97,"minecraft:barrel":1,"minecraft:twisting_vines":2,"minecraft:dirt_path":105,"minecraft:iron_bars":4,"minecraft:spruce_slab":105,"minecraft:tripwire":6,"minecraft:red_bed":3,"minecraft:blackstone":17,"minecraft:twisting_vines_plant":1,"minecraft:crimson_nylium":12,"minecraft:amethyst_cluster":1,"minecraft:torch":12,"minecraft:calcite":5,"minecraft:poppy":2,"minecraft:chest":2,"minecraft:nether_quartz_ore":5,"minecraft:grindstone":9,"minecraft:sugar_cane":7,"minecraft:oak_planks":13,"minecraft:wall_torch":5,"minecraft:amethyst_block":7,"minecraft:chain":1,"minecraft:warped_nylium":1,"minecraft:nether_wart_block":6,"minecraft:wheat":3,"minecraft:blue_ice":1,"minecraft:warped_fungus":6,"minecraft:oak_log":16,"minecraft:dirt":226,"minecraft:crimson_planks":42,"minecraft:smooth_basalt":3,"minecraft:tripwire_hook":2,"minecraft:netherrack":357,"minecraft:oak_leaves":4,"minecraft:deepslate":2,"minecraft:emerald_block":60,"minecraft:nether_gold_ore":33,"minecraft:deepslate_diamond_ore":2,"minecraft:end_stone":1,"minecraft:ladder":1,"minecraft:nether_bricks":46,"minecraft:spruce_fence":10,"minecraft:crimson_roots":6,"minecraft:spruce_leaves":74,"minecraft:crimson_stem":119,"minecraft:oak_trapdoor":1,"minecraft:spruce_sapling":6,"minecraft:furnace":6,"minecraft:carrots":2,"minecraft:snow":828,"minecraft:stripped_spruce_log":3,"minecraft:gold_block":1,"minecraft:nether_brick_fence":4,"minecraft:bookshelf":8,"minecraft:potatoes":13,"minecraft:rail":197,"minecraft:warped_stem":14,"minecraft:packed_ice":45,"minecraft:stone":129,"minecraft:oak_slab":6,"minecraft:glass_pane":11,"minecraft:snow_block":24,"minecraft:basalt":29,"minecraft:spruce_door":1,"minecraft:crafting_table":2,"minecraft:short_grass":71,"minecraft:warped_roots":5,"minecraft:lectern":247,"minecraft:tall_grass":12,"minecraft:blue_bed":7,"minecraft:warped_wart_block":2,"minecraft:spruce_stairs":55,"minecraft:stripped_spruce_wood":145,"minecraft:redstone_torch":1,"minecraft:sweet_berry_bush":8,"minecraft:ice":23,"minecraft:white_carpet":1,"minecraft:spruce_log":184,"minecraft:coal_ore":86,"minecraft:gravel":24,"minecraft:stone_bricks":3,"minecraft:fern":1},"minecraft:dropped":{"minecraft:spruce_sign":2,"minecraft:diamond_axe":2,"minecraft:cooked_porkchop":2,"minecraft:weeping_vines":1,"minecraft:cookie":108,"minecraft:emerald":3,"minecraft:dirt":2,"minecraft:snowball":80,"minecraft:gold_nugget":8,"minecraft:iron_pickaxe":3,"minecraft:gold_ingot":8,"minecraft:bone":4,"minecraft:rotten_flesh":9,"minecraft:poppy":6,"minecraft:tipped_arrow":1,"minecraft:gunpowder":1,"minecraft:arrow":2,"minecraft:enchanted_book":6,"minecraft:iron_ingot":11,"minecraft:bread":48,"minecraft:wheat_seeds":1,"minecraft:minecart":1,"minecraft:lead":1,"minecraft:cobblestone":55,"minecraft:book":3,"minecraft:apple":22,"minecraft:grass_block":1,"minecraft:diorite":17,"minecraft:golden_carrot":50,"minecraft:diamond_helmet":1,"minecraft:iron_axe":2,"minecraft:string":9,"minecraft:furnace":2,"minecraft:stone_sword":1,"minecraft:diamond_sword":1,"minecraft:potato":1,"minecraft:spruce_boat":1,"minecraft:stone":20,"minecraft:andesite":14,"minecraft:golden_leggings":1,"minecraft:wooden_shovel":2,"minecraft:stone_bricks":2,"minecraft:spider_eye":7,"minecraft:spruce_log":101,"minecraft:bow":4,"minecraft:calcite":2},"minecraft:killed_by":{"minecraft:piglin_brute":2,"minecraft:piglin":3},"minecraft:custom":{"minecraft:interact_with_crafting_table":132,"minecraft:open_barrel":5,"minecraft:bell_ring":2,"minecraft:leave_game":10,"minecraft:time_since_death":341913,"minecraft:sprint_one_cm":2261909,"minecraft:damage_blocked_by_shield":3220,"minecraft:drop":192,"minecraft:talked_to_villager":745,"minecraft:play_time":881774,"minecraft:deaths":7,"minecraft:jump":15916,"minecraft:interact_with_brewingstand":5,"minecraft:walk_on_water_one_cm":85422,"minecraft:interact_with_furnace":56,"minecraft:traded_with_villager":1221,"minecraft:sleep_in_bed":40,"minecraft:damage_dealt":74885,"minecraft:crouch_one_cm":47429,"minecraft:interact_with_smoker":4,"minecraft:mob_kills":301,"minecraft:interact_with_anvil":7,"minecraft:inspect_hopper":11,"minecraft:interact_with_campfire":94,"minecraft:climb_one_cm":14826,"minecraft:walk_one_cm":2182886,"minecraft:sneak_time":18473,"minecraft:walk_under_water_one_cm":67047,"minecraft:boat_one_cm":51676,"minecraft:total_world_time":881774,"minecraft:interact_with_grindstone":2,"minecraft:time_since_rest":90044,"minecraft:damage_taken":9780,"minecraft:swim_one_cm":59642,"minecraft:fly_one_cm":3443790,"minecraft:open_chest":858,"minecraft:fall_one_cm":465466},"minecraft:killed":{"minecraft:witch":2,"minecraft:spider":32,"minecraft:skeleton":28,"minecraft:silverfish":2,"minecraft:piglin_brute":2,"minecraft:magma_cube":21,"minecraft:piglin":12,"minecraft:pig":6,"minecraft:iron_golem":14,"minecraft:creeper":18,"minecraft:sheep":5,"minecraft:trader_llama":2,"minecraft:zombie":39,"minecraft:stray":10,"minecraft:blaze":19,"minecraft:wandering_trader":1,"minecraft:hoglin":3,"minecraft:wither_skeleton":6,"minecraft:enderman":71},"minecraft:crafted":{"minecraft:grindstone":3,"minecraft:oak_planks":64,"minecraft:blaze_powder":22,"minecraft:stone":86,"minecraft:bookshelf":15,"minecraft:cooked_mutton":8,"minecraft:suspicious_stew":4,"minecraft:warped_planks":40,"minecraft:hopper":5,"minecraft:bow":2,"minecraft:diamond_helmet":3,"minecraft:diamond_leggings":2,"minecraft:chest":13,"minecraft:rail":16,"minecraft:ender_eye":18,"minecraft:wooden_shovel":1,"minecraft:emerald":1575,"minecraft:cooked_porkchop":15,"minecraft:diamond_axe":1,"minecraft:crafting_table":7,"minecraft:spruce_planks":364,"minecraft:wooden_pickaxe":1,"minecraft:apple":44,"minecraft:spruce_trapdoor":8,"minecraft:lectern":7,"minecraft:book":3,"minecraft:paper":9,"minecraft:emerald_block":56,"minecraft:stick":80,"minecraft:stone_slab":18,"minecraft:iron_ingot":10,"minecraft:iron_pickaxe":5,"minecraft:iron_block":6,"minecraft:gold_ingot":11,"minecraft:shears":1,"minecraft:golden_carrot":147,"minecraft:cookie":216,"minecraft:stone_shovel":1,"minecraft:tripwire_hook":2,"minecraft:furnace":2,"minecraft:bone_meal":27,"minecraft:spruce_fence":12,"minecraft:spruce_stairs":76,"minecraft:iron_axe":36,"minecraft:spruce_slab":54,"minecraft:stone_pickaxe":1,"minecraft:diamond_boots":2,"minecraft:spruce_boat":2,"minecraft:jungle_sapling":1,"minecraft:golden_helmet":1,"minecraft:minecart":3,"minecraft:crimson_planks":462,"minecraft:diamond_sword":2,"minecraft:spruce_sign":9,"minecraft:bucket":2,"minecraft:stone_axe":1,"minecraft:enchanted_book":13,"minecraft:bread":96,"minecraft:air":0,"minecraft:wooden_axe":2,"minecraft:iron_shovel":9,"minecraft:anvil":2,"minecraft:white_bed":1,"minecraft:torch":28,"minecraft:diamond_chestplate":2}},"DataVersion":3953}