{"stats":{"minecraft:used":{"minecraft:cooked_mutton":1,"minecraft:stone_pickaxe":53,"minecraft:wooden_pickaxe":3,"minecraft:stone_axe":24,"minecraft:dirt":6,"minecraft:crafting_table":2,"minecraft:furnace":2,"minecraft:bucket":1},"minecraft:crafted":{"minecraft:oak_planks":12,"minecraft:cooked_porkchop":2,"minecraft:crafting_table":1,"minecraft:stick":8,"minecraft:iron_ingot":4,"minecraft:wooden_pickaxe":1,"minecraft:stone_pickaxe":1,"minecraft:furnace":2,"minecraft:bucket":1,"minecraft:stone_axe":1,"minecraft:air":0,"minecraft:cooked_mutton":8},"minecraft:mined":{"minecraft:furnace":2,"minecraft:iron_ore":4,"minecraft:crafting_table":2,"minecraft:oak_log":16,"minecraft:coal_ore":27,"minecraft:dirt":8,"minecraft:tall_grass":3,"minecraft:stone":23,"minecraft:oak_leaves":4},"minecraft:custom":{"minecraft:time_since_rest":9799,"minecraft:interact_with_furnace":17,"minecraft:sprint_one_cm":29041,"minecraft:damage_taken":10,"minecraft:walk_one_cm":16741,"minecraft:mob_kills":5,"minecraft:drop":1,"minecraft:damage_dealt":420,"minecraft:swim_one_cm":2734,"minecraft:interact_with_crafting_table":10,"minecraft:fly_one_cm":50638,"minecraft:crouch_one_cm":691,"minecraft:play_time":9799,"minecraft:sneak_time":109,"minecraft:walk_under_water_one_cm":489,"minecraft:jump":213,"minecraft:walk_on_water_one_cm":535,"minecraft:time_since_death":9799,"minecraft:total_world_time":9799,"minecraft:fall_one_cm":5645},"minecraft:dropped":{"minecraft:cooked_porkchop":2},"minecraft:picked_up":{"minecraft:crafting_table":2,"minecraft:raw_iron":4,"minecraft:porkchop":2,"minecraft:oak_log":16,"minecraft:dirt":8,"minecraft:mutton":8,"minecraft:coal":32,"minecraft:white_wool":4,"minecraft:cobblestone":23,"minecraft:furnace":2},"minecraft:killed":{"minecraft:sheep":4,"minecraft:pig":1}},"DataVersion":3953}