{"stats":{"minecraft:broken":{"minecraft:iron_shovel":2,"minecraft:iron_axe":3,"minecraft:stone_axe":1,"minecraft:iron_pickaxe":1},"minecraft:mined":{"minecraft:spruce_planks":254,"minecraft:white_bed":4,"minecraft:farmland":11,"minecraft:brewing_stand":1,"minecraft:spruce_trapdoor":2,"minecraft:ladder":1,"minecraft:grass_block":185,"minecraft:spruce_fence":10,"minecraft:spruce_leaves":9,"minecraft:composter":1,"minecraft:oak_trapdoor":1,"minecraft:furnace":6,"minecraft:carrots":2,"minecraft:iron_ore":5,"minecraft:barrel":1,"minecraft:snow":180,"minecraft:stripped_spruce_log":3,"minecraft:potatoes":13,"minecraft:dirt_path":84,"minecraft:rail":129,"minecraft:packed_ice":45,"minecraft:stone":125,"minecraft:spruce_slab":98,"minecraft:tripwire":5,"minecraft:oak_slab":5,"minecraft:glass_pane":11,"minecraft:red_bed":2,"minecraft:snow_block":24,"minecraft:crafting_table":2,"minecraft:torch":2,"minecraft:short_grass":15,"minecraft:tall_grass":3,"minecraft:grindstone":2,"minecraft:sugar_cane":1,"minecraft:oak_planks":12,"minecraft:blue_bed":4,"minecraft:wall_torch":4,"minecraft:spruce_stairs":51,"minecraft:stripped_spruce_wood":141,"minecraft:blue_ice":1,"minecraft:redstone_torch":1,"minecraft:wheat":3,"minecraft:sweet_berry_bush":3,"minecraft:ice":15,"minecraft:white_carpet":1,"minecraft:spruce_log":7,"minecraft:oak_log":16,"minecraft:coal_ore":86,"minecraft:dirt":144,"minecraft:tripwire_hook":2,"minecraft:oak_leaves":4,"minecraft:emerald_block":3,"minecraft:fern":1},"minecraft:custom":{"minecraft:mob_kills":48,"minecraft:inspect_hopper":3,"minecraft:interact_with_crafting_table":48,"minecraft:open_barrel":1,"minecraft:interact_with_campfire":94,"minecraft:bell_ring":2,"minecraft:leave_game":2,"minecraft:time_since_death":270397,"minecraft:climb_one_cm":7306,"minecraft:sprint_one_cm":562119,"minecraft:walk_one_cm":769223,"minecraft:damage_blocked_by_shield":360,"minecraft:drop":12,"minecraft:talked_to_villager":113,"minecraft:play_time":293179,"minecraft:deaths":1,"minecraft:sneak_time":3594,"minecraft:walk_under_water_one_cm":28109,"minecraft:boat_one_cm":805,"minecraft:jump":3860,"minecraft:interact_with_brewingstand":1,"minecraft:walk_on_water_one_cm":66284,"minecraft:total_world_time":293179,"minecraft:interact_with_furnace":28,"minecraft:traded_with_villager":577,"minecraft:sleep_in_bed":19,"minecraft:time_since_rest":5900,"minecraft:damage_taken":2844,"minecraft:damage_dealt":16409,"minecraft:swim_one_cm":54361,"minecraft:fly_one_cm":634443,"minecraft:open_chest":170,"minecraft:crouch_one_cm":6201,"minecraft:fall_one_cm":102199},"minecraft:used":{"minecraft:oak_trapdoor":2,"minecraft:iron_shovel":581,"minecraft:spruce_slab":150,"minecraft:stone_shovel":52,"minecraft:ladder":6,"minecraft:poppy":1,"minecraft:chest":3,"minecraft:spruce_planks":100,"minecraft:shield":10,"minecraft:iron_chestplate":1,"minecraft:torch":24,"minecraft:dirt":206,"minecraft:white_carpet":2,"minecraft:hopper":4,"minecraft:spruce_stairs":7,"minecraft:carrot":8,"minecraft:diamond_helmet":1,"minecraft:spruce_fence":2,"minecraft:snowball":31,"minecraft:lantern":1,"minecraft:iron_axe":787,"minecraft:iron_boots":3,"minecraft:barrel":1,"minecraft:diamond_chestplate":1,"minecraft:tripwire_hook":4,"minecraft:emerald_block":57,"minecraft:sweet_berries":2,"minecraft:furnace":3,"minecraft:minecart":9,"minecraft:potato":18,"minecraft:cooked_mutton":8,"minecraft:water_bucket":69,"minecraft:diamond_boots":1,"minecraft:baked_potato":30,"minecraft:stone_pickaxe":110,"minecraft:oak_planks":56,"minecraft:wooden_pickaxe":3,"minecraft:blue_bed":4,"minecraft:white_wool":1,"minecraft:rail":85,"minecraft:oak_slab":1,"minecraft:crafting_table":3,"minecraft:red_bed":2,"minecraft:white_bed":5,"minecraft:shears":4,"minecraft:redstone_torch":1,"minecraft:apple":5,"minecraft:iron_pickaxe":251,"minecraft:string":14,"minecraft:bread":6,"minecraft:spruce_trapdoor":3,"minecraft:stone_axe":86,"minecraft:cobblestone":5,"minecraft:cooked_porkchop":16,"minecraft:bucket":71,"minecraft:oak_boat":2,"minecraft:diamond_leggings":1,"minecraft:chainmail_leggings":2},"minecraft:crafted":{"minecraft:oak_planks":64,"minecraft:stone_shovel":1,"minecraft:tripwire_hook":2,"minecraft:furnace":2,"minecraft:stone":40,"minecraft:cooked_mutton":8,"minecraft:hopper":4,"minecraft:spruce_stairs":4,"minecraft:diamond_helmet":1,"minecraft:diamond_leggings":1,"minecraft:iron_axe":4,"minecraft:spruce_slab":24,"minecraft:stone_pickaxe":1,"minecraft:chest":7,"minecraft:diamond_boots":1,"minecraft:emerald":573,"minecraft:cooked_porkchop":15,"minecraft:crafting_table":1,"minecraft:spruce_planks":68,"minecraft:wooden_pickaxe":1,"minecraft:bucket":1,"minecraft:stone_axe":1,"minecraft:air":0,"minecraft:spruce_trapdoor":2,"minecraft:emerald_block":54,"minecraft:stick":24,"minecraft:iron_ingot":4,"minecraft:iron_pickaxe":1,"minecraft:iron_shovel":3,"minecraft:white_bed":1,"minecraft:torch":24,"minecraft:shears":1,"minecraft:diamond_chestplate":1},"minecraft:dropped":{"minecraft:iron_ingot":11,"minecraft:wheat_seeds":1,"minecraft:cooked_porkchop":2,"minecraft:emerald":1,"minecraft:iron_axe":1,"minecraft:string":2,"minecraft:poppy":4,"minecraft:potato":1},"minecraft:picked_up":{"minecraft:crafting_table":3,"minecraft:iron_chestplate":1,"minecraft:wheat":9,"minecraft:splash_potion":1,"minecraft:ladder":1,"minecraft:wooden_pickaxe":1,"minecraft:brewing_stand":1,"minecraft:shield":1,"minecraft:oak_trapdoor":2,"minecraft:string":12145,"minecraft:red_bed":2,"minecraft:iron_axe":1,"minecraft:white_carpet":2,"minecraft:beetroot":1,"minecraft:spruce_planks":252,"minecraft:oak_boat":2,"minecraft:redstone_torch":1,"minecraft:poppy":12,"minecraft:spruce_slab":103,"minecraft:minecart":9,"minecraft:sugar_cane":6,"minecraft:spruce_trapdoor":2,"minecraft:furnace":8,"minecraft:iron_boots":2,"minecraft:tipped_arrow":1,"minecraft:stick":7,"minecraft:raw_iron":5,"minecraft:stone":1,"minecraft:composter":1,"minecraft:torch":17,"minecraft:spruce_stairs":51,"minecraft:spruce_fence":12,"minecraft:porkchop":16,"minecraft:carrot":8,"minecraft:redstone":4,"minecraft:arrow":6,"minecraft:rotten_flesh":4,"minecraft:beetroot_seeds":3,"minecraft:mutton":8,"minecraft:rail":129,"minecraft:snowball":331,"minecraft:white_wool":5,"minecraft:cobblestone":118,"minecraft:tripwire_hook":2,"minecraft:water_bucket":1,"minecraft:potato":63,"minecraft:stripped_spruce_wood":141,"minecraft:oak_log":28,"minecraft:gunpowder":1,"minecraft:dirt":845,"minecraft:blue_bed":4,"minecraft:lantern":5,"minecraft:cooked_mutton":3,"minecraft:bone":4,"minecraft:apple":6,"minecraft:wheat_seeds":16,"minecraft:grindstone":2,"minecraft:iron_ingot":40,"minecraft:stone_pickaxe":1,"minecraft:oak_planks":14,"minecraft:oak_slab":9,"minecraft:emerald_block":3,"minecraft:cooked_porkchop":14,"minecraft:sweet_berries":5,"minecraft:stripped_spruce_log":3,"minecraft:spruce_sapling":1,"minecraft:white_bed":5,"minecraft:spruce_log":7,"minecraft:barrel":2,"minecraft:spruce_door":7,"minecraft:spider_eye":1,"minecraft:stone_axe":1,"minecraft:chainmail_leggings":2,"minecraft:bread":3,"minecraft:baked_potato":80,"minecraft:coal":165},"minecraft:killed":{"minecraft:witch":1,"minecraft:spider":7,"minecraft:skeleton":1,"minecraft:pig":6,"minecraft:iron_golem":14,"minecraft:creeper":3,"minecraft:sheep":4,"minecraft:zombie":7,"minecraft:stray":3,"minecraft:enderman":1}},"DataVersion":3953}