{"stats":{"minecraft:crafted":{"minecraft:oak_planks":64,"minecraft:stone_shovel":1,"minecraft:tripwire_hook":2,"minecraft:furnace":2,"minecraft:cooked_mutton":8,"minecraft:iron_axe":1,"minecraft:stone_pickaxe":1,"minecraft:emerald":307,"minecraft:cooked_porkchop":15,"minecraft:crafting_table":1,"minecraft:spruce_planks":8,"minecraft:wooden_pickaxe":1,"minecraft:bucket":1,"minecraft:stone_axe":1,"minecraft:air":0,"minecraft:emerald_block":34,"minecraft:stick":20,"minecraft:iron_ingot":4,"minecraft:iron_pickaxe":1,"minecraft:white_bed":1,"minecraft:torch":24},"minecraft:broken":{"minecraft:stone_axe":1},"minecraft:mined":{"minecraft:spruce_planks":11,"minecraft:white_bed":3,"minecraft:brewing_stand":1,"minecraft:grass_block":5,"minecraft:spruce_leaves":7,"minecraft:composter":1,"minecraft:oak_trapdoor":1,"minecraft:furnace":2,"minecraft:iron_ore":5,"minecraft:snow":18,"minecraft:packed_ice":3,"minecraft:stone":31,"minecraft:spruce_slab":1,"minecraft:tripwire":4,"minecraft:red_bed":1,"minecraft:crafting_table":2,"minecraft:short_grass":13,"minecraft:tall_grass":3,"minecraft:grindstone":2,"minecraft:oak_planks":10,"minecraft:sugar_cane":1,"minecraft:blue_bed":4,"minecraft:redstone_torch":1,"minecraft:sweet_berry_bush":1,"minecraft:ice":8,"minecraft:white_carpet":1,"minecraft:spruce_log":6,"minecraft:coal_ore":86,"minecraft:oak_log":16,"minecraft:dirt":10,"minecraft:tripwire_hook":2,"minecraft:oak_leaves":4,"minecraft:fern":1},"minecraft:dropped":{"minecraft:iron_ingot":11,"minecraft:wheat_seeds":1,"minecraft:cooked_porkchop":2,"minecraft:string":2,"minecraft:potato":1},"minecraft:custom":{"minecraft:mob_kills":38,"minecraft:interact_with_crafting_table":28,"minecraft:open_barrel":1,"minecraft:interact_with_campfire":16,"minecraft:bell_ring":2,"minecraft:leave_game":2,"minecraft:time_since_death":134897,"minecraft:climb_one_cm":1818,"minecraft:sprint_one_cm":335077,"minecraft:walk_one_cm":288143,"minecraft:drop":6,"minecraft:talked_to_villager":74,"minecraft:play_time":157679,"minecraft:deaths":1,"minecraft:sneak_time":992,"minecraft:walk_under_water_one_cm":12647,"minecraft:boat_one_cm":455,"minecraft:jump":2578,"minecraft:interact_with_brewingstand":1,"minecraft:walk_on_water_one_cm":49733,"minecraft:total_world_time":157679,"minecraft:interact_with_furnace":23,"minecraft:traded_with_villager":307,"minecraft:sleep_in_bed":9,"minecraft:time_since_rest":4567,"minecraft:damage_taken":2175,"minecraft:damage_dealt":10140,"minecraft:fly_one_cm":491684,"minecraft:swim_one_cm":54361,"minecraft:open_chest":37,"minecraft:crouch_one_cm":1574,"minecraft:fall_one_cm":71014},"minecraft:killed":{"minecraft:witch":1,"minecraft:spider":6,"minecraft:skeleton":1,"minecraft:pig":6,"minecraft:iron_golem":6,"minecraft:creeper":3,"minecraft:sheep":4,"minecraft:zombie":7,"minecraft:stray":3},"minecraft:picked_up":{"minecraft:crafting_table":3,"minecraft:iron_chestplate":1,"minecraft:wheat":5,"minecraft:splash_potion":1,"minecraft:wooden_pickaxe":1,"minecraft:brewing_stand":1,"minecraft:shield":1,"minecraft:string":6733,"minecraft:oak_trapdoor":2,"minecraft:red_bed":1,"minecraft:white_carpet":2,"minecraft:spruce_planks":11,"minecraft:redstone_torch":1,"minecraft:poppy":4,"minecraft:spruce_slab":1,"minecraft:sugar_cane":6,"minecraft:iron_boots":2,"minecraft:furnace":4,"minecraft:tipped_arrow":1,"minecraft:raw_iron":5,"minecraft:stick":6,"minecraft:composter":1,"minecraft:spruce_fence":2,"minecraft:porkchop":16,"minecraft:redstone":4,"minecraft:arrow":6,"minecraft:rotten_flesh":4,"minecraft:mutton":8,"minecraft:snowball":40,"minecraft:white_wool":5,"minecraft:cobblestone":37,"minecraft:tripwire_hook":2,"minecraft:water_bucket":1,"minecraft:potato":5,"minecraft:oak_log":28,"minecraft:gunpowder":1,"minecraft:dirt":14,"minecraft:blue_bed":4,"minecraft:cooked_mutton":3,"minecraft:bone":4,"minecraft:apple":6,"minecraft:wheat_seeds":1,"minecraft:iron_ingot":26,"minecraft:grindstone":2,"minecraft:stone_pickaxe":1,"minecraft:oak_planks":13,"minecraft:cooked_porkchop":14,"minecraft:spruce_sapling":1,"minecraft:white_bed":4,"minecraft:spruce_log":6,"minecraft:spider_eye":1,"minecraft:barrel":1,"minecraft:stone_axe":1,"minecraft:chainmail_leggings":2,"minecraft:bread":3,"minecraft:baked_potato":12,"minecraft:coal":165},"minecraft:used":{"minecraft:oak_trapdoor":2,"minecraft:stone_shovel":52,"minecraft:spruce_slab":1,"minecraft:spruce_planks":15,"minecraft:iron_chestplate":1,"minecraft:torch":8,"minecraft:dirt":9,"minecraft:white_carpet":2,"minecraft:spruce_fence":2,"minecraft:snowball":24,"minecraft:iron_axe":121,"minecraft:iron_boots":3,"minecraft:barrel":1,"minecraft:tripwire_hook":4,"minecraft:emerald_block":34,"minecraft:furnace":2,"minecraft:potato":1,"minecraft:cooked_mutton":8,"minecraft:water_bucket":41,"minecraft:stone_pickaxe":110,"minecraft:baked_potato":7,"minecraft:oak_planks":54,"minecraft:wooden_pickaxe":3,"minecraft:blue_bed":4,"minecraft:white_wool":1,"minecraft:crafting_table":3,"minecraft:red_bed":1,"minecraft:white_bed":4,"minecraft:redstone_torch":1,"minecraft:apple":5,"minecraft:iron_pickaxe":20,"minecraft:bread":6,"minecraft:string":4,"minecraft:stone_axe":86,"minecraft:cobblestone":5,"minecraft:cooked_porkchop":15,"minecraft:bucket":42,"minecraft:chainmail_leggings":2}},"DataVersion":3953}