{"stats":{"minecraft:crafted":{"minecraft:oak_planks":64,"minecraft:stone_shovel":1,"minecraft:tripwire_hook":2,"minecraft:furnace":2,"minecraft:cooked_mutton":8,"minecraft:iron_axe":1,"minecraft:stone_pickaxe":1,"minecraft:emerald":459,"minecraft:cooked_porkchop":15,"minecraft:crafting_table":1,"minecraft:spruce_planks":8,"minecraft:wooden_pickaxe":1,"minecraft:bucket":1,"minecraft:stone_axe":1,"minecraft:air":0,"minecraft:emerald_block":43,"minecraft:stick":20,"minecraft:iron_ingot":4,"minecraft:iron_pickaxe":1,"minecraft:white_bed":1,"minecraft:torch":24,"minecraft:shears":1},"minecraft:broken":{"minecraft:stone_axe":1},"minecraft:mined":{"minecraft:spruce_planks":12,"minecraft:white_bed":3,"minecraft:brewing_stand":1,"minecraft:grass_block":5,"minecraft:spruce_leaves":7,"minecraft:composter":1,"minecraft:oak_trapdoor":1,"minecraft:furnace":2,"minecraft:iron_ore":5,"minecraft:snow":18,"minecraft:packed_ice":3,"minecraft:stone":31,"minecraft:spruce_slab":1,"minecraft:tripwire":5,"minecraft:red_bed":1,"minecraft:crafting_table":2,"minecraft:short_grass":13,"minecraft:tall_grass":3,"minecraft:grindstone":2,"minecraft:sugar_cane":1,"minecraft:oak_planks":10,"minecraft:blue_bed":4,"minecraft:redstone_torch":1,"minecraft:sweet_berry_bush":1,"minecraft:ice":8,"minecraft:white_carpet":1,"minecraft:spruce_log":6,"minecraft:oak_log":16,"minecraft:coal_ore":86,"minecraft:dirt":10,"minecraft:tripwire_hook":2,"minecraft:oak_leaves":4,"minecraft:fern":1},"minecraft:dropped":{"minecraft:iron_ingot":11,"minecraft:wheat_seeds":1,"minecraft:cooked_porkchop":2,"minecraft:emerald":1,"minecraft:iron_axe":1,"minecraft:string":2,"minecraft:potato":1},"minecraft:custom":{"minecraft:mob_kills":39,"minecraft:interact_with_crafting_table":29,"minecraft:open_barrel":1,"minecraft:interact_with_campfire":23,"minecraft:bell_ring":2,"minecraft:leave_game":2,"minecraft:time_since_death":156867,"minecraft:climb_one_cm":1818,"minecraft:sprint_one_cm":351669,"minecraft:walk_one_cm":333722,"minecraft:damage_blocked_by_shield":360,"minecraft:drop":8,"minecraft:talked_to_villager":97,"minecraft:play_time":179649,"minecraft:deaths":1,"minecraft:sneak_time":1480,"minecraft:walk_under_water_one_cm":12647,"minecraft:boat_one_cm":455,"minecraft:jump":2765,"minecraft:interact_with_brewingstand":1,"minecraft:walk_on_water_one_cm":58405,"minecraft:total_world_time":179649,"minecraft:interact_with_furnace":23,"minecraft:traded_with_villager":459,"minecraft:sleep_in_bed":10,"minecraft:time_since_rest":9302,"minecraft:damage_taken":2362,"minecraft:damage_dealt":10460,"minecraft:swim_one_cm":54361,"minecraft:fly_one_cm":506994,"minecraft:open_chest":46,"minecraft:crouch_one_cm":3041,"minecraft:fall_one_cm":73576},"minecraft:killed":{"minecraft:witch":1,"minecraft:spider":6,"minecraft:skeleton":1,"minecraft:pig":6,"minecraft:iron_golem":6,"minecraft:creeper":3,"minecraft:sheep":4,"minecraft:zombie":7,"minecraft:stray":3,"minecraft:enderman":1},"minecraft:picked_up":{"minecraft:iron_chestplate":1,"minecraft:crafting_table":3,"minecraft:wheat":5,"minecraft:splash_potion":1,"minecraft:wooden_pickaxe":1,"minecraft:brewing_stand":1,"minecraft:shield":1,"minecraft:oak_trapdoor":2,"minecraft:string":9951,"minecraft:red_bed":1,"minecraft:iron_axe":1,"minecraft:white_carpet":2,"minecraft:spruce_planks":12,"minecraft:redstone_torch":1,"minecraft:poppy":4,"minecraft:spruce_slab":1,"minecraft:sugar_cane":6,"minecraft:iron_boots":2,"minecraft:furnace":4,"minecraft:tipped_arrow":1,"minecraft:raw_iron":5,"minecraft:stick":6,"minecraft:composter":1,"minecraft:spruce_fence":2,"minecraft:porkchop":16,"minecraft:redstone":4,"minecraft:arrow":6,"minecraft:rotten_flesh":4,"minecraft:mutton":8,"minecraft:snowball":40,"minecraft:white_wool":5,"minecraft:cobblestone":37,"minecraft:tripwire_hook":2,"minecraft:water_bucket":1,"minecraft:potato":12,"minecraft:oak_log":28,"minecraft:gunpowder":1,"minecraft:blue_bed":4,"minecraft:dirt":14,"minecraft:cooked_mutton":3,"minecraft:bone":4,"minecraft:apple":6,"minecraft:wheat_seeds":1,"minecraft:grindstone":2,"minecraft:iron_ingot":26,"minecraft:stone_pickaxe":1,"minecraft:oak_planks":13,"minecraft:cooked_porkchop":14,"minecraft:spruce_sapling":1,"minecraft:white_bed":4,"minecraft:spruce_log":6,"minecraft:barrel":1,"minecraft:spider_eye":1,"minecraft:stone_axe":1,"minecraft:chainmail_leggings":2,"minecraft:bread":3,"minecraft:baked_potato":19,"minecraft:coal":165},"minecraft:used":{"minecraft:oak_trapdoor":2,"minecraft:stone_shovel":52,"minecraft:spruce_slab":1,"minecraft:spruce_planks":16,"minecraft:shield":10,"minecraft:iron_chestplate":1,"minecraft:torch":11,"minecraft:dirt":9,"minecraft:white_carpet":2,"minecraft:spruce_fence":2,"minecraft:snowball":24,"minecraft:iron_axe":127,"minecraft:iron_boots":3,"minecraft:barrel":1,"minecraft:tripwire_hook":4,"minecraft:emerald_block":43,"minecraft:furnace":2,"minecraft:potato":1,"minecraft:cooked_mutton":8,"minecraft:water_bucket":41,"minecraft:stone_pickaxe":110,"minecraft:baked_potato":9,"minecraft:oak_planks":54,"minecraft:wooden_pickaxe":3,"minecraft:blue_bed":4,"minecraft:white_wool":1,"minecraft:crafting_table":3,"minecraft:red_bed":1,"minecraft:white_bed":4,"minecraft:shears":3,"minecraft:redstone_torch":1,"minecraft:apple":5,"minecraft:string":11,"minecraft:bread":6,"minecraft:iron_pickaxe":20,"minecraft:stone_axe":86,"minecraft:cobblestone":5,"minecraft:cooked_porkchop":16,"minecraft:bucket":42,"minecraft:chainmail_leggings":2}},"DataVersion":3953}