{"stats":{"minecraft:used":{"minecraft:cooked_mutton":8,"minecraft:water_bucket":20,"minecraft:stone_shovel":52,"minecraft:spruce_slab":1,"minecraft:stone_pickaxe":110,"minecraft:oak_planks":14,"minecraft:spruce_planks":5,"minecraft:wooden_pickaxe":3,"minecraft:blue_bed":4,"minecraft:dirt":9,"minecraft:white_carpet":2,"minecraft:crafting_table":3,"minecraft:red_bed":1,"minecraft:white_bed":4,"minecraft:spruce_fence":2,"minecraft:redstone_torch":1,"minecraft:iron_pickaxe":20,"minecraft:stone_axe":65,"minecraft:cobblestone":2,"minecraft:furnace":2,"minecraft:cooked_porkchop":3,"minecraft:bucket":21},"minecraft:crafted":{"minecraft:oak_planks":32,"minecraft:stone_shovel":1,"minecraft:cooked_porkchop":15,"minecraft:crafting_table":1,"minecraft:wooden_pickaxe":1,"minecraft:furnace":2,"minecraft:bucket":1,"minecraft:stone_axe":1,"minecraft:cooked_mutton":8,"minecraft:air":0,"minecraft:stick":12,"minecraft:iron_ingot":4,"minecraft:iron_pickaxe":1,"minecraft:stone_pickaxe":1,"minecraft:white_bed":1},"minecraft:mined":{"minecraft:spruce_planks":5,"minecraft:white_bed":3,"minecraft:red_bed":1,"minecraft:brewing_stand":1,"minecraft:crafting_table":2,"minecraft:short_grass":4,"minecraft:tall_grass":3,"minecraft:composter":1,"minecraft:spruce_leaves":1,"minecraft:oak_planks":4,"minecraft:grindstone":2,"minecraft:sugar_cane":1,"minecraft:blue_bed":4,"minecraft:furnace":2,"minecraft:iron_ore":5,"minecraft:redstone_torch":1,"minecraft:snow":18,"minecraft:ice":1,"minecraft:white_carpet":1,"minecraft:coal_ore":86,"minecraft:oak_log":16,"minecraft:dirt":10,"minecraft:packed_ice":3,"minecraft:stone":31,"minecraft:oak_leaves":4,"minecraft:spruce_slab":1,"minecraft:fern":1},"minecraft:custom":{"minecraft:interact_with_furnace":23,"minecraft:mob_kills":12,"minecraft:interact_with_crafting_table":13,"minecraft:bell_ring":2,"minecraft:leave_game":1,"minecraft:time_since_death":12031,"minecraft:sleep_in_bed":2,"minecraft:climb_one_cm":1818,"minecraft:time_since_rest":9381,"minecraft:sprint_one_cm":129894,"minecraft:damage_taken":838,"minecraft:walk_one_cm":100304,"minecraft:drop":2,"minecraft:damage_dealt":1853,"minecraft:talked_to_villager":1,"minecraft:swim_one_cm":3421,"minecraft:fly_one_cm":153477,"minecraft:open_chest":5,"minecraft:crouch_one_cm":862,"minecraft:play_time":34813,"minecraft:deaths":1,"minecraft:sneak_time":186,"minecraft:walk_under_water_one_cm":3577,"minecraft:jump":786,"minecraft:interact_with_brewingstand":1,"minecraft:walk_on_water_one_cm":4825,"minecraft:total_world_time":34813,"minecraft:fall_one_cm":22916},"minecraft:dropped":{"minecraft:wheat_seeds":1,"minecraft:cooked_porkchop":2},"minecraft:picked_up":{"minecraft:crafting_table":3,"minecraft:wheat":5,"minecraft:splash_potion":1,"minecraft:water_bucket":1,"minecraft:wooden_pickaxe":1,"minecraft:oak_log":28,"minecraft:brewing_stand":1,"minecraft:blue_bed":4,"minecraft:dirt":9,"minecraft:red_bed":1,"minecraft:cooked_mutton":3,"minecraft:white_carpet":2,"minecraft:bone":2,"minecraft:apple":6,"minecraft:wheat_seeds":1,"minecraft:spruce_planks":5,"minecraft:iron_ingot":7,"minecraft:grindstone":2,"minecraft:stone_pickaxe":1,"minecraft:redstone_torch":1,"minecraft:spruce_slab":1,"minecraft:sugar_cane":6,"minecraft:oak_planks":6,"minecraft:furnace":4,"minecraft:stick":2,"minecraft:raw_iron":5,"minecraft:cooked_porkchop":13,"minecraft:composter":1,"minecraft:spruce_fence":2,"minecraft:porkchop":16,"minecraft:white_bed":4,"minecraft:arrow":4,"minecraft:stone_axe":1,"minecraft:bread":3,"minecraft:mutton":8,"minecraft:snowball":18,"minecraft:coal":165,"minecraft:white_wool":5,"minecraft:cobblestone":37},"minecraft:killed":{"minecraft:pig":6,"minecraft:sheep":4,"minecraft:skeleton":1,"minecraft:zombie":1}},"DataVersion":3953}