{"stats":{"minecraft:used":{"minecraft:iron_shovel":1965,"minecraft:spruce_slab":181,"minecraft:ladder":6,"minecraft:poppy":8,"minecraft:shield":160,"minecraft:chest":12,"minecraft:iron_sword":59,"minecraft:iron_chestplate":1,"minecraft:spruce_leaves":1,"minecraft:nether_bricks":44,"minecraft:carrot":8,"minecraft:snowball":193,"minecraft:spruce_boat":8,"minecraft:jungle_sapling":1,"minecraft:lava_bucket":1,"minecraft:lantern":6,"minecraft:warped_nylium":6,"minecraft:crimson_roots":1,"minecraft:golden_sword":12,"minecraft:bow":99,"minecraft:warped_fungus":1,"minecraft:sweet_berries":105,"minecraft:furnace":3,"minecraft:potato":18,"minecraft:stripped_spruce_wood":1,"minecraft:diamond_boots":3,"minecraft:oak_planks":56,"minecraft:stone_pickaxe":113,"minecraft:chorus_fruit":2,"minecraft:blackstone":16,"minecraft:ender_pearl":36,"minecraft:wooden_pickaxe":3,"minecraft:blue_bed":6,"minecraft:diamond_axe":1638,"minecraft:sugar_cane":5,"minecraft:cookie":57,"minecraft:white_wool":1,"minecraft:crossbow":41,"minecraft:end_stone":11,"minecraft:shears":4,"minecraft:redstone_torch":1,"minecraft:string":15,"minecraft:bread":18,"minecraft:lectern":864,"minecraft:gravel":21,"minecraft:golden_helmet":3,"minecraft:nether_wart_block":6,"minecraft:diamond_sword":904,"minecraft:grindstone":10,"minecraft:smithing_table":4,"minecraft:oak_boat":2,"minecraft:bone_meal":28,"minecraft:oak_trapdoor":2,"minecraft:flint_and_steel":58,"minecraft:stone_shovel":52,"minecraft:spruce_planks":482,"minecraft:wooden_shovel":4,"minecraft:netherrack":398,"minecraft:torch":75,"minecraft:brewing_stand":1,"minecraft:dirt":1029,"minecraft:anvil":3,"minecraft:white_carpet":2,"minecraft:hopper":5,"minecraft:chainmail_chestplate":2,"minecraft:spruce_stairs":85,"minecraft:twisting_vines":2,"minecraft:diamond_helmet":3,"minecraft:shulker_box":3,"minecraft:granite":18,"minecraft:spruce_fence":30,"minecraft:wooden_axe":25,"minecraft:bookshelf":35,"minecraft:iron_axe":1350,"minecraft:iron_boots":5,"minecraft:crimson_planks":270,"minecraft:barrel":1,"minecraft:diamond_chestplate":3,"minecraft:tripwire_hook":4,"minecraft:basalt":24,"minecraft:golden_carrot":136,"minecraft:emerald_block":59,"minecraft:minecart":31,"minecraft:cobbled_deepslate":29,"minecraft:cooked_mutton":8,"minecraft:water_bucket":217,"minecraft:warped_stem":3,"minecraft:baked_potato":82,"minecraft:spruce_sign":9,"minecraft:cracked_stone_bricks":2,"minecraft:rail":243,"minecraft:crafting_table":10,"minecraft:oak_slab":3,"minecraft:red_bed":2,"minecraft:white_bed":5,"minecraft:smoker":1,"minecraft:spruce_log":53,"minecraft:ender_eye":18,"minecraft:diamond_pickaxe":564,"minecraft:apple":5,"minecraft:cracked_polished_blackstone_bricks":2,"minecraft:iron_pickaxe":1200,"minecraft:suspicious_stew":3,"minecraft:stone_slab":17,"minecraft:spruce_trapdoor":38,"minecraft:spruce_sapling":36,"minecraft:golden_leggings":1,"minecraft:stone_axe":86,"minecraft:cobblestone":422,"minecraft:cooked_porkchop":16,"minecraft:bucket":221,"minecraft:dandelion":1,"minecraft:diamond_leggings":3,"minecraft:splash_potion":6,"minecraft:chainmail_leggings":4},"minecraft:picked_up":{"minecraft:shulker_shell":4,"minecraft:iron_chestplate":1,"minecraft:wheat":9,"minecraft:nether_brick_fence":4,"minecraft:stone_slab":11,"minecraft:smithing_table":3,"minecraft:lead":4,"minecraft:enchanted_book":3,"minecraft:crimson_planks":47,"minecraft:brewing_stand":1,"minecraft:amethyst_block":8,"minecraft:string":12489,"minecraft:beetroot":1,"minecraft:diamond_leggings":2,"minecraft:gold_nugget":568,"minecraft:cobbled_deepslate":30,"minecraft:spruce_planks":455,"minecraft:redstone_torch":1,"minecraft:ender_eye":6,"minecraft:calcite":2,"minecraft:wooden_shovel":1,"minecraft:iron_pickaxe":5,"minecraft:furnace":10,"minecraft:iron_boots":2,"minecraft:tipped_arrow":10,"minecraft:golden_helmet":2,"minecraft:stick":26,"minecraft:composter":1,"minecraft:torch":49,"minecraft:purpur_pillar":1,"minecraft:spruce_stairs":68,"minecraft:porkchop":24,"minecraft:diorite":17,"minecraft:stone_sword":2,"minecraft:rotten_flesh":94,"minecraft:bookshelf":5,"minecraft:blaze_rod":19,"minecraft:iron_bars":4,"minecraft:snowball":1206,"minecraft:cobblestone":395,"minecraft:water_bucket":1,"minecraft:andesite":14,"minecraft:golden_leggings":2,"minecraft:potato":63,"minecraft:flint":2,"minecraft:stripped_spruce_wood":145,"minecraft:dirt":1359,"minecraft:lantern":6,"minecraft:twisting_vines":4,"minecraft:bone":71,"minecraft:bow":4,"minecraft:wheat_seeds":25,"minecraft:grindstone":9,"minecraft:mossy_stone_bricks":4,"minecraft:diamond_helmet":2,"minecraft:glowstone_dust":70,"minecraft:oak_planks":36,"minecraft:ghast_tear":2,"minecraft:chiseled_polished_blackstone":1,"minecraft:cooked_porkchop":14,"minecraft:warped_wart_block":2,"minecraft:sand":32,"minecraft:stripped_spruce_log":3,"minecraft:grass_block":10,"minecraft:shulker_box":3,"minecraft:spectral_arrow":11,"minecraft:barrel":2,"minecraft:diamond":12,"minecraft:spruce_boat":9,"minecraft:cracked_polished_blackstone_bricks":43,"minecraft:crossbow":2,"minecraft:granite":18,"minecraft:bone_meal":1,"minecraft:spruce_sign":2,"minecraft:emerald":11,"minecraft:bread":3,"minecraft:netherrack":610,"minecraft:chorus_fruit":17,"minecraft:crimson_roots":12,"minecraft:diamond_pickaxe":1,"minecraft:end_stone_bricks":2,"minecraft:spruce_leaves":3,"minecraft:crafting_table":3,"minecraft:splash_potion":6,"minecraft:chicken":1,"minecraft:ladder":2,"minecraft:brown_mushroom":2,"minecraft:wooden_pickaxe":2,"minecraft:gold_block":1,"minecraft:purpur_block":1,"minecraft:shield":4,"minecraft:oak_trapdoor":2,"minecraft:red_bed":3,"minecraft:iron_axe":3,"minecraft:white_carpet":2,"minecraft:blackstone":16,"minecraft:cracked_stone_bricks":2,"minecraft:oak_boat":2,"minecraft:poppy":21,"minecraft:spruce_slab":116,"minecraft:minecart":30,"minecraft:lectern":851,"minecraft:sugar_cane":17,"minecraft:chest":3,"minecraft:spruce_trapdoor":5,"minecraft:phantom_membrane":1,"minecraft:raw_iron":5,"minecraft:end_stone":11,"minecraft:stone":21,"minecraft:bowl":1,"minecraft:spruce_fence":12,"minecraft:fire_charge":1,"minecraft:polished_blackstone_bricks":75,"minecraft:cookie":29,"minecraft:carrot":9,"minecraft:redstone":10,"minecraft:arrow":67,"minecraft:weeping_vines":2,"minecraft:diamond_chestplate":1,"minecraft:beetroot_seeds":3,"minecraft:nether_bricks":46,"minecraft:diamond_boots":1,"minecraft:purpur_slab":1,"minecraft:gold_ingot":3,"minecraft:mutton":8,"minecraft:rail":239,"minecraft:white_wool":5,"minecraft:basalt":28,"minecraft:golden_carrot":30,"minecraft:tripwire_hook":2,"minecraft:crimson_stem":116,"minecraft:leather":5,"minecraft:red_mushroom":1,"minecraft:oak_log":28,"minecraft:nether_wart_block":9,"minecraft:gunpowder":24,"minecraft:blue_bed":10,"minecraft:cooked_mutton":3,"minecraft:apple":6,"minecraft:stone_bricks":4,"minecraft:warped_stem":14,"minecraft:iron_ingot":55,"minecraft:stone_pickaxe":1,"minecraft:iron_sword":1,"minecraft:book":570,"minecraft:oak_slab":11,"minecraft:warped_fungus":8,"minecraft:emerald_block":60,"minecraft:sweet_berries":159,"minecraft:quartz":485,"minecraft:dandelion":1,"minecraft:gravel":22,"minecraft:spruce_sapling":42,"minecraft:white_bed":6,"minecraft:spruce_log":299,"minecraft:crying_obsidian":5,"minecraft:spruce_door":8,"minecraft:spider_eye":11,"minecraft:diamond_shovel":1,"minecraft:stone_axe":1,"minecraft:chainmail_leggings":2,"minecraft:diamond_axe":4,"minecraft:warped_roots":8,"minecraft:baked_potato":80,"minecraft:warped_nylium":8,"minecraft:coal":179,"minecraft:hopper":10,"minecraft:ender_pearl":62},"minecraft:broken":{"minecraft:iron_shovel":7,"minecraft:diamond_helmet":1,"minecraft:diamond_boots":1,"minecraft:stone_axe":1,"minecraft:iron_axe":6,"minecraft:iron_pickaxe":4},"minecraft:mined":{"minecraft:spruce_planks":410,"minecraft:white_bed":5,"minecraft:farmland":11,"minecraft:brewing_stand":1,"minecraft:spruce_trapdoor":3,"minecraft:grass_block":453,"minecraft:cracked_polished_blackstone_bricks":39,"minecraft:purpur_slab":1,"minecraft:composter":1,"minecraft:spawner":1,"minecraft:polished_blackstone_bricks":69,"minecraft:weeping_vines_plant":3,"minecraft:glowstone":20,"minecraft:iron_ore":5,"minecraft:barrel":1,"minecraft:cobbled_deepslate":1,"minecraft:fire":164,"minecraft:twisting_vines":2,"minecraft:dirt_path":107,"minecraft:iron_bars":4,"minecraft:spruce_slab":109,"minecraft:tripwire":6,"minecraft:red_bed":3,"minecraft:blackstone":17,"minecraft:twisting_vines_plant":1,"minecraft:crimson_nylium":12,"minecraft:amethyst_cluster":1,"minecraft:torch":13,"minecraft:calcite":5,"minecraft:poppy":2,"minecraft:chest":3,"minecraft:nether_quartz_ore":237,"minecraft:cobblestone":107,"minecraft:oak_planks":34,"minecraft:grindstone":9,"minecraft:sugar_cane":8,"minecraft:iron_door":1,"minecraft:wall_torch":10,"minecraft:amethyst_block":7,"minecraft:chain":1,"minecraft:warped_nylium":1,"minecraft:nether_wart_block":6,"minecraft:wheat":3,"minecraft:blue_ice":1,"minecraft:warped_fungus":6,"minecraft:purpur_block":1,"minecraft:oak_log":16,"minecraft:sand":32,"minecraft:dirt":249,"minecraft:crimson_planks":42,"minecraft:smooth_basalt":3,"minecraft:tripwire_hook":2,"minecraft:netherrack":590,"minecraft:oak_leaves":4,"minecraft:deepslate":8,"minecraft:emerald_block":60,"minecraft:nether_gold_ore":89,"minecraft:tuff":2,"minecraft:deepslate_diamond_ore":11,"minecraft:end_stone":7,"minecraft:shulker_box":3,"minecraft:nether_bricks":46,"minecraft:ladder":1,"minecraft:spruce_fence":10,"minecraft:crimson_roots":6,"minecraft:spruce_leaves":100,"minecraft:crimson_stem":119,"minecraft:oak_trapdoor":1,"minecraft:spruce_sapling":6,"minecraft:furnace":6,"minecraft:carrots":2,"minecraft:snow":856,"minecraft:stripped_spruce_log":3,"minecraft:gold_block":1,"minecraft:nether_brick_fence":4,"minecraft:bookshelf":196,"minecraft:potatoes":13,"minecraft:rail":233,"minecraft:warped_stem":14,"minecraft:packed_ice":45,"minecraft:stone":135,"minecraft:smithing_table":3,"minecraft:oak_slab":6,"minecraft:glass_pane":11,"minecraft:magenta_stained_glass":2,"minecraft:snow_block":26,"minecraft:basalt":29,"minecraft:spruce_door":1,"minecraft:crafting_table":2,"minecraft:short_grass":85,"minecraft:warped_roots":5,"minecraft:lectern":850,"minecraft:stone_slab":12,"minecraft:purpur_pillar":1,"minecraft:tall_grass":12,"minecraft:blue_bed":8,"minecraft:warped_wart_block":2,"minecraft:spruce_stairs":65,"minecraft:stripped_spruce_wood":145,"minecraft:redstone_torch":1,"minecraft:sweet_berry_bush":18,"minecraft:ice":34,"minecraft:white_carpet":1,"minecraft:spruce_log":292,"minecraft:coal_ore":91,"minecraft:end_rod":2,"minecraft:gravel":24,"minecraft:cobweb":5,"minecraft:cracked_stone_bricks":3,"minecraft:stone_bricks":6,"minecraft:fern":1},"minecraft:dropped":{"minecraft:spruce_sign":2,"minecraft:diamond_axe":5,"minecraft:cooked_porkchop":66,"minecraft:weeping_vines":1,"minecraft:cookie":108,"minecraft:spruce_leaves":1,"minecraft:emerald":3,"minecraft:dirt":3,"minecraft:snowball":81,"minecraft:gold_nugget":11,"minecraft:phantom_membrane":1,"minecraft:sand":32,"minecraft:iron_pickaxe":4,"minecraft:bone":4,"minecraft:gold_ingot":8,"minecraft:gravel":1,"minecraft:iron_nugget":9,"minecraft:rotten_flesh":19,"minecraft:diamond_shovel":1,"minecraft:poppy":6,"minecraft:tipped_arrow":1,"minecraft:gunpowder":1,"minecraft:hopper":18,"minecraft:ladder":1,"minecraft:end_stone_bricks":2,"minecraft:arrow":2,"minecraft:enchanted_book":11,"minecraft:iron_ingot":11,"minecraft:bread":48,"minecraft:wheat_seeds":1,"minecraft:minecart":1,"minecraft:cobblestone":56,"minecraft:lead":1,"minecraft:book":3,"minecraft:apple":22,"minecraft:grass_block":3,"minecraft:diorite":17,"minecraft:golden_carrot":63,"minecraft:diamond_helmet":1,"minecraft:iron_axe":2,"minecraft:string":10,"minecraft:furnace":2,"minecraft:stone_sword":1,"minecraft:bowl":1,"minecraft:diamond_hoe":1,"minecraft:shulker_box":1,"minecraft:diamond_sword":1,"minecraft:potato":1,"minecraft:spruce_boat":1,"minecraft:stone":20,"minecraft:spruce_trapdoor":2,"minecraft:spruce_planks":1,"minecraft:diamond_pickaxe":1,"minecraft:andesite":14,"minecraft:golden_leggings":1,"minecraft:wooden_shovel":2,"minecraft:spider_eye":10,"minecraft:stone_bricks":2,"minecraft:spruce_log":106,"minecraft:bow":4,"minecraft:calcite":2},"minecraft:killed_by":{"minecraft:piglin_brute":2,"minecraft:piglin":3},"minecraft:custom":{"minecraft:interact_with_crafting_table":183,"minecraft:open_barrel":8,"minecraft:open_shulker_box":9,"minecraft:bell_ring":2,"minecraft:leave_game":13,"minecraft:time_since_death":552370,"minecraft:sprint_one_cm":3770083,"minecraft:damage_blocked_by_shield":4088,"minecraft:drop":281,"minecraft:talked_to_villager":2261,"minecraft:play_time":1521643,"minecraft:deaths":8,"minecraft:jump":24958,"minecraft:interact_with_brewingstand":6,"minecraft:walk_on_water_one_cm":115529,"minecraft:interact_with_furnace":57,"minecraft:traded_with_villager":2421,"minecraft:sleep_in_bed":52,"minecraft:damage_dealt":99686,"minecraft:crouch_one_cm":66134,"minecraft:interact_with_smoker":4,"minecraft:interact_with_anvil":35,"minecraft:mob_kills":419,"minecraft:inspect_hopper":14,"minecraft:interact_with_campfire":94,"minecraft:climb_one_cm":18587,"minecraft:walk_one_cm":3202414,"minecraft:sneak_time":25869,"minecraft:walk_under_water_one_cm":84816,"minecraft:boat_one_cm":51676,"minecraft:total_world_time":1521643,"minecraft:interact_with_grindstone":7,"minecraft:time_since_rest":9440,"minecraft:damage_taken":13111,"minecraft:swim_one_cm":60807,"minecraft:fly_one_cm":5702153,"minecraft:open_chest":1394,"minecraft:fall_one_cm":696974},"minecraft:killed":{"minecraft:witch":2,"minecraft:spider":40,"minecraft:shulker":3,"minecraft:skeleton":36,"minecraft:silverfish":2,"minecraft:piglin_brute":2,"minecraft:magma_cube":26,"minecraft:piglin":14,"minecraft:pig":6,"minecraft:zombie_villager":1,"minecraft:iron_golem":16,"minecraft:creeper":25,"minecraft:sheep":5,"minecraft:trader_llama":2,"minecraft:zombie":64,"minecraft:ghast":3,"minecraft:stray":18,"minecraft:blaze":28,"minecraft:phantom":2,"minecraft:wandering_trader":1,"minecraft:hoglin":3,"minecraft:wither_skeleton":8,"minecraft:enderman":103},"minecraft:crafted":{"minecraft:grindstone":3,"minecraft:oak_planks":64,"minecraft:blaze_powder":22,"minecraft:stone":86,"minecraft:diamond_shovel":1,"minecraft:bookshelf":46,"minecraft:shulker_box":2,"minecraft:cooked_mutton":8,"minecraft:suspicious_stew":4,"minecraft:warped_planks":40,"minecraft:quartz_block":120,"minecraft:hopper":14,"minecraft:bow":3,"minecraft:diamond_helmet":4,"minecraft:diamond_leggings":3,"minecraft:chest":26,"minecraft:rail":16,"minecraft:ender_eye":18,"minecraft:smoker":1,"minecraft:wooden_shovel":1,"minecraft:emerald":2612,"minecraft:cooked_porkchop":255,"minecraft:diamond_axe":3,"minecraft:crafting_table":8,"minecraft:spruce_planks":772,"minecraft:wooden_pickaxe":1,"minecraft:smithing_table":1,"minecraft:brewing_stand":1,"minecraft:apple":44,"minecraft:spruce_trapdoor":38,"minecraft:lectern":13,"minecraft:diamond_pickaxe":1,"minecraft:book":3,"minecraft:paper":9,"minecraft:emerald_block":56,"minecraft:stick":88,"minecraft:stone_slab":24,"minecraft:iron_ingot":19,"minecraft:iron_pickaxe":6,"minecraft:iron_block":10,"minecraft:gold_ingot":58,"minecraft:shears":1,"minecraft:golden_carrot":216,"minecraft:cookie":216,"minecraft:rabbit_stew":10,"minecraft:redstone":6,"minecraft:stone_shovel":1,"minecraft:tripwire_hook":2,"minecraft:iron_nugget":9,"minecraft:diamond_hoe":2,"minecraft:furnace":3,"minecraft:bone_meal":27,"minecraft:spruce_fence":12,"minecraft:spruce_stairs":76,"minecraft:iron_axe":36,"minecraft:spruce_slab":102,"minecraft:stone_pickaxe":11,"minecraft:diamond_boots":3,"minecraft:spruce_boat":2,"minecraft:jungle_sapling":1,"minecraft:golden_helmet":1,"minecraft:minecart":3,"minecraft:crimson_planks":462,"minecraft:diamond_sword":3,"minecraft:spruce_sign":9,"minecraft:bucket":2,"minecraft:stone_axe":2,"minecraft:enchanted_book":41,"minecraft:bread":96,"minecraft:air":0,"minecraft:golden_apple":5,"minecraft:wooden_axe":2,"minecraft:iron_shovel":9,"minecraft:anvil":3,"minecraft:white_bed":1,"minecraft:torch":32,"minecraft:diamond_chestplate":3}},"DataVersion":3953}