{"stats":{"minecraft:crafted":{"minecraft:golden_carrot":36,"minecraft:cookie":216,"minecraft:oak_planks":64,"minecraft:stone_shovel":1,"minecraft:tripwire_hook":2,"minecraft:furnace":2,"minecraft:stone":86,"minecraft:spruce_fence":12,"minecraft:bookshelf":3,"minecraft:cooked_mutton":8,"minecraft:suspicious_stew":4,"minecraft:hopper":5,"minecraft:spruce_stairs":4,"minecraft:diamond_helmet":1,"minecraft:diamond_leggings":1,"minecraft:iron_axe":6,"minecraft:spruce_slab":42,"minecraft:stone_pickaxe":1,"minecraft:chest":10,"minecraft:diamond_boots":1,"minecraft:spruce_boat":1,"minecraft:jungle_sapling":1,"minecraft:minecart":1,"minecraft:emerald":704,"minecraft:cooked_porkchop":15,"minecraft:spruce_sign":9,"minecraft:crafting_table":1,"minecraft:spruce_planks":104,"minecraft:wooden_pickaxe":1,"minecraft:bucket":2,"minecraft:stone_axe":1,"minecraft:bread":96,"minecraft:air":0,"minecraft:apple":44,"minecraft:spruce_trapdoor":2,"minecraft:lectern":3,"minecraft:book":3,"minecraft:paper":9,"minecraft:emerald_block":56,"minecraft:stick":40,"minecraft:iron_ingot":10,"minecraft:iron_pickaxe":2,"minecraft:iron_shovel":5,"minecraft:white_bed":1,"minecraft:torch":24,"minecraft:shears":1,"minecraft:diamond_chestplate":1},"minecraft:broken":{"minecraft:iron_shovel":4,"minecraft:iron_axe":5,"minecraft:stone_axe":1,"minecraft:iron_pickaxe":1},"minecraft:mined":{"minecraft:spruce_planks":258,"minecraft:white_bed":5,"minecraft:farmland":11,"minecraft:brewing_stand":1,"minecraft:spruce_trapdoor":2,"minecraft:ladder":1,"minecraft:grass_block":266,"minecraft:spruce_fence":10,"minecraft:spruce_leaves":59,"minecraft:composter":1,"minecraft:oak_trapdoor":1,"minecraft:spruce_sapling":2,"minecraft:furnace":6,"minecraft:carrots":2,"minecraft:iron_ore":5,"minecraft:barrel":1,"minecraft:snow":505,"minecraft:stripped_spruce_log":3,"minecraft:potatoes":13,"minecraft:dirt_path":87,"minecraft:rail":135,"minecraft:packed_ice":45,"minecraft:stone":129,"minecraft:spruce_slab":102,"minecraft:tripwire":6,"minecraft:oak_slab":6,"minecraft:glass_pane":11,"minecraft:red_bed":3,"minecraft:snow_block":24,"minecraft:spruce_door":1,"minecraft:crafting_table":2,"minecraft:torch":9,"minecraft:short_grass":34,"minecraft:chest":1,"minecraft:lectern":27,"minecraft:tall_grass":3,"minecraft:grindstone":2,"minecraft:oak_planks":13,"minecraft:sugar_cane":1,"minecraft:blue_bed":7,"minecraft:wall_torch":4,"minecraft:spruce_stairs":51,"minecraft:stripped_spruce_wood":141,"minecraft:redstone_torch":1,"minecraft:sweet_berry_bush":6,"minecraft:wheat":3,"minecraft:ice":19,"minecraft:blue_ice":1,"minecraft:spruce_log":115,"minecraft:white_carpet":1,"minecraft:oak_log":16,"minecraft:coal_ore":86,"minecraft:dirt":196,"minecraft:tripwire_hook":2,"minecraft:oak_leaves":4,"minecraft:emerald_block":3,"minecraft:fern":1},"minecraft:dropped":{"minecraft:iron_ingot":11,"minecraft:spruce_sign":2,"minecraft:bread":48,"minecraft:wheat_seeds":1,"minecraft:cooked_porkchop":2,"minecraft:cookie":108,"minecraft:cobblestone":55,"minecraft:lead":1,"minecraft:apple":22,"minecraft:grass_block":1,"minecraft:emerald":1,"minecraft:dirt":2,"minecraft:snowball":80,"minecraft:iron_axe":2,"minecraft:iron_pickaxe":2,"minecraft:string":9,"minecraft:bone":4,"minecraft:furnace":2,"minecraft:rotten_flesh":7,"minecraft:poppy":6,"minecraft:spruce_boat":1,"minecraft:potato":1,"minecraft:tipped_arrow":1,"minecraft:stone":20,"minecraft:spruce_log":101,"minecraft:bow":2,"minecraft:arrow":2},"minecraft:custom":{"minecraft:mob_kills":72,"minecraft:inspect_hopper":3,"minecraft:interact_with_crafting_table":71,"minecraft:open_barrel":2,"minecraft:interact_with_campfire":94,"minecraft:bell_ring":2,"minecraft:leave_game":3,"minecraft:time_since_death":387192,"minecraft:climb_one_cm":11614,"minecraft:sprint_one_cm":877565,"minecraft:walk_one_cm":1056238,"minecraft:damage_blocked_by_shield":640,"minecraft:drop":146,"minecraft:talked_to_villager":180,"minecraft:play_time":409974,"minecraft:sneak_time":5285,"minecraft:deaths":1,"minecraft:walk_under_water_one_cm":28477,"minecraft:boat_one_cm":879,"minecraft:jump":5828,"minecraft:interact_with_brewingstand":1,"minecraft:walk_on_water_one_cm":73800,"minecraft:total_world_time":409974,"minecraft:interact_with_furnace":42,"minecraft:traded_with_villager":766,"minecraft:sleep_in_bed":26,"minecraft:time_since_rest":28041,"minecraft:damage_taken":4013,"minecraft:damage_dealt":22298,"minecraft:swim_one_cm":54361,"minecraft:fly_one_cm":1081934,"minecraft:open_chest":465,"minecraft:crouch_one_cm":10906,"minecraft:interact_with_smoker":3,"minecraft:fall_one_cm":166303},"minecraft:killed":{"minecraft:witch":2,"minecraft:spider":10,"minecraft:skeleton":4,"minecraft:pig":6,"minecraft:iron_golem":14,"minecraft:wandering_trader":1,"minecraft:creeper":5,"minecraft:sheep":4,"minecraft:trader_llama":2,"minecraft:zombie":13,"minecraft:stray":6,"minecraft:enderman":4},"minecraft:picked_up":{"minecraft:iron_chestplate":1,"minecraft:crafting_table":3,"minecraft:wheat":9,"minecraft:chicken":1,"minecraft:splash_potion":1,"minecraft:ladder":1,"minecraft:lead":4,"minecraft:wooden_pickaxe":2,"minecraft:brewing_stand":1,"minecraft:shield":1,"minecraft:string":12155,"minecraft:oak_trapdoor":2,"minecraft:red_bed":3,"minecraft:iron_axe":2,"minecraft:white_carpet":2,"minecraft:beetroot":1,"minecraft:spruce_planks":255,"minecraft:lectern":27,"minecraft:oak_boat":2,"minecraft:redstone_torch":1,"minecraft:poppy":19,"minecraft:iron_pickaxe":2,"minecraft:spruce_slab":107,"minecraft:minecart":11,"minecraft:sugar_cane":6,"minecraft:chest":1,"minecraft:spruce_trapdoor":2,"minecraft:furnace":10,"minecraft:iron_boots":2,"minecraft:tipped_arrow":4,"minecraft:stick":15,"minecraft:raw_iron":5,"minecraft:stone":21,"minecraft:composter":1,"minecraft:torch":23,"minecraft:spruce_stairs":51,"minecraft:spruce_fence":12,"minecraft:porkchop":16,"minecraft:carrot":8,"minecraft:redstone":10,"minecraft:arrow":11,"minecraft:rotten_flesh":14,"minecraft:beetroot_seeds":3,"minecraft:mutton":8,"minecraft:rail":135,"minecraft:snowball":738,"minecraft:white_wool":5,"minecraft:cobblestone":177,"minecraft:tripwire_hook":2,"minecraft:water_bucket":1,"minecraft:leather":3,"minecraft:potato":63,"minecraft:stripped_spruce_wood":141,"minecraft:oak_log":28,"minecraft:gunpowder":3,"minecraft:dirt":1003,"minecraft:blue_bed":8,"minecraft:lantern":5,"minecraft:cooked_mutton":3,"minecraft:bone":9,"minecraft:apple":6,"minecraft:bow":2,"minecraft:wheat_seeds":17,"minecraft:iron_ingot":51,"minecraft:grindstone":2,"minecraft:stone_pickaxe":1,"minecraft:glowstone_dust":1,"minecraft:oak_planks":15,"minecraft:oak_slab":11,"minecraft:emerald_block":3,"minecraft:cooked_porkchop":14,"minecraft:sweet_berries":23,"minecraft:stripped_spruce_log":3,"minecraft:spruce_sapling":24,"minecraft:grass_block":4,"minecraft:white_bed":6,"minecraft:spruce_log":112,"minecraft:spruce_door":8,"minecraft:spider_eye":1,"minecraft:barrel":2,"minecraft:spruce_boat":5,"minecraft:stone_axe":1,"minecraft:chainmail_leggings":2,"minecraft:bone_meal":1,"minecraft:spruce_sign":2,"minecraft:bread":3,"minecraft:baked_potato":80,"minecraft:coal":165,"minecraft:ender_pearl":1},"minecraft:used":{"minecraft:oak_trapdoor":2,"minecraft:iron_shovel":1014,"minecraft:spruce_slab":162,"minecraft:stone_shovel":52,"minecraft:ladder":6,"minecraft:poppy":6,"minecraft:chest":6,"minecraft:spruce_planks":117,"minecraft:shield":20,"minecraft:iron_chestplate":1,"minecraft:torch":33,"minecraft:dirt":347,"minecraft:white_carpet":2,"minecraft:hopper":5,"minecraft:spruce_stairs":7,"minecraft:diamond_helmet":1,"minecraft:carrot":8,"minecraft:snowball":55,"minecraft:spruce_fence":30,"minecraft:spruce_boat":4,"minecraft:jungle_sapling":1,"minecraft:lava_bucket":1,"minecraft:lantern":5,"minecraft:iron_axe":1056,"minecraft:iron_boots":3,"minecraft:barrel":1,"minecraft:diamond_chestplate":1,"minecraft:tripwire_hook":4,"minecraft:emerald_block":59,"minecraft:sweet_berries":19,"minecraft:furnace":3,"minecraft:minecart":11,"minecraft:potato":18,"minecraft:stripped_spruce_wood":1,"minecraft:cooked_mutton":8,"minecraft:water_bucket":79,"minecraft:diamond_boots":1,"minecraft:baked_potato":72,"minecraft:stone_pickaxe":113,"minecraft:oak_planks":56,"minecraft:wooden_pickaxe":3,"minecraft:spruce_sign":9,"minecraft:blue_bed":5,"minecraft:white_wool":1,"minecraft:rail":130,"minecraft:oak_slab":3,"minecraft:crafting_table":3,"minecraft:red_bed":2,"minecraft:white_bed":5,"minecraft:spruce_log":4,"minecraft:shears":4,"minecraft:redstone_torch":1,"minecraft:apple":5,"minecraft:iron_pickaxe":259,"minecraft:string":15,"minecraft:bread":6,"minecraft:lectern":29,"minecraft:spruce_trapdoor":3,"minecraft:spruce_sapling":22,"minecraft:stone_axe":86,"minecraft:cobblestone":6,"minecraft:cooked_porkchop":16,"minecraft:bucket":82,"minecraft:oak_boat":2,"minecraft:bone_meal":1,"minecraft:diamond_leggings":1,"minecraft:chainmail_leggings":2}},"DataVersion":3953}