{"stats":{"minecraft:crafted":{"minecraft:golden_carrot":36,"minecraft:cookie":216,"minecraft:oak_planks":64,"minecraft:stone_shovel":1,"minecraft:tripwire_hook":2,"minecraft:furnace":2,"minecraft:stone":86,"minecraft:spruce_fence":12,"minecraft:bookshelf":3,"minecraft:cooked_mutton":8,"minecraft:suspicious_stew":4,"minecraft:hopper":5,"minecraft:spruce_stairs":4,"minecraft:bow":2,"minecraft:diamond_helmet":1,"minecraft:diamond_leggings":1,"minecraft:iron_axe":7,"minecraft:spruce_slab":42,"minecraft:stone_pickaxe":1,"minecraft:chest":11,"minecraft:diamond_boots":1,"minecraft:spruce_boat":1,"minecraft:jungle_sapling":1,"minecraft:minecart":1,"minecraft:emerald":704,"minecraft:cooked_porkchop":15,"minecraft:spruce_sign":9,"minecraft:crafting_table":1,"minecraft:spruce_planks":136,"minecraft:wooden_pickaxe":1,"minecraft:bucket":2,"minecraft:stone_axe":1,"minecraft:bread":96,"minecraft:air":0,"minecraft:apple":44,"minecraft:spruce_trapdoor":2,"minecraft:lectern":3,"minecraft:book":3,"minecraft:paper":9,"minecraft:emerald_block":56,"minecraft:stick":48,"minecraft:iron_ingot":10,"minecraft:iron_pickaxe":3,"minecraft:iron_shovel":5,"minecraft:gold_ingot":1,"minecraft:white_bed":1,"minecraft:torch":24,"minecraft:shears":1,"minecraft:diamond_chestplate":1},"minecraft:broken":{"minecraft:iron_shovel":4,"minecraft:iron_axe":5,"minecraft:stone_axe":1,"minecraft:iron_pickaxe":2},"minecraft:mined":{"minecraft:nether_gold_ore":9,"minecraft:spruce_planks":258,"minecraft:white_bed":5,"minecraft:farmland":11,"minecraft:brewing_stand":1,"minecraft:nether_bricks":44,"minecraft:spruce_trapdoor":2,"minecraft:ladder":1,"minecraft:grass_block":280,"minecraft:spruce_fence":10,"minecraft:crimson_roots":1,"minecraft:spruce_leaves":59,"minecraft:composter":1,"minecraft:crimson_stem":8,"minecraft:oak_trapdoor":1,"minecraft:glowstone":7,"minecraft:spruce_sapling":2,"minecraft:furnace":6,"minecraft:carrots":2,"minecraft:fire":22,"minecraft:iron_ore":5,"minecraft:barrel":1,"minecraft:snow":505,"minecraft:stripped_spruce_log":3,"minecraft:nether_brick_fence":4,"minecraft:potatoes":13,"minecraft:dirt_path":87,"minecraft:rail":139,"minecraft:packed_ice":45,"minecraft:stone":129,"minecraft:spruce_slab":102,"minecraft:tripwire":6,"minecraft:oak_slab":6,"minecraft:glass_pane":11,"minecraft:red_bed":3,"minecraft:blackstone":5,"minecraft:snow_block":24,"minecraft:basalt":9,"minecraft:spruce_door":1,"minecraft:crafting_table":2,"minecraft:torch":9,"minecraft:short_grass":35,"minecraft:chest":1,"minecraft:lectern":38,"minecraft:tall_grass":3,"minecraft:grindstone":2,"minecraft:oak_planks":13,"minecraft:sugar_cane":1,"minecraft:blue_bed":7,"minecraft:wall_torch":4,"minecraft:spruce_stairs":51,"minecraft:stripped_spruce_wood":145,"minecraft:redstone_torch":1,"minecraft:sweet_berry_bush":7,"minecraft:wheat":3,"minecraft:ice":19,"minecraft:blue_ice":1,"minecraft:spruce_log":115,"minecraft:white_carpet":1,"minecraft:oak_log":16,"minecraft:coal_ore":86,"minecraft:dirt":205,"minecraft:tripwire_hook":2,"minecraft:netherrack":104,"minecraft:oak_leaves":4,"minecraft:emerald_block":60,"minecraft:fern":1},"minecraft:dropped":{"minecraft:iron_ingot":11,"minecraft:spruce_sign":2,"minecraft:bread":48,"minecraft:wheat_seeds":1,"minecraft:cooked_porkchop":2,"minecraft:cookie":108,"minecraft:cobblestone":55,"minecraft:lead":1,"minecraft:apple":22,"minecraft:grass_block":1,"minecraft:emerald":3,"minecraft:dirt":2,"minecraft:golden_carrot":18,"minecraft:snowball":80,"minecraft:gold_nugget":7,"minecraft:iron_axe":2,"minecraft:iron_pickaxe":2,"minecraft:string":9,"minecraft:gold_ingot":1,"minecraft:bone":4,"minecraft:furnace":2,"minecraft:rotten_flesh":7,"minecraft:poppy":6,"minecraft:spruce_boat":1,"minecraft:potato":1,"minecraft:tipped_arrow":1,"minecraft:stone":20,"minecraft:gunpowder":1,"minecraft:spruce_log":101,"minecraft:bow":2,"minecraft:arrow":2},"minecraft:custom":{"minecraft:mob_kills":106,"minecraft:inspect_hopper":3,"minecraft:interact_with_crafting_table":81,"minecraft:open_barrel":2,"minecraft:interact_with_campfire":94,"minecraft:bell_ring":2,"minecraft:leave_game":3,"minecraft:time_since_death":441192,"minecraft:climb_one_cm":13231,"minecraft:sprint_one_cm":1070058,"minecraft:walk_one_cm":1203651,"minecraft:damage_blocked_by_shield":1200,"minecraft:drop":152,"minecraft:talked_to_villager":196,"minecraft:play_time":463974,"minecraft:sneak_time":8005,"minecraft:deaths":1,"minecraft:walk_under_water_one_cm":28477,"minecraft:boat_one_cm":879,"minecraft:jump":7148,"minecraft:interact_with_brewingstand":1,"minecraft:walk_on_water_one_cm":73800,"minecraft:total_world_time":463974,"minecraft:interact_with_furnace":42,"minecraft:traded_with_villager":766,"minecraft:sleep_in_bed":28,"minecraft:time_since_rest":43333,"minecraft:damage_taken":4722,"minecraft:damage_dealt":27490,"minecraft:swim_one_cm":54361,"minecraft:fly_one_cm":1376946,"minecraft:open_chest":548,"minecraft:crouch_one_cm":17081,"minecraft:interact_with_smoker":3,"minecraft:fall_one_cm":200539},"minecraft:killed":{"minecraft:witch":2,"minecraft:spider":14,"minecraft:skeleton":5,"minecraft:magma_cube":1,"minecraft:piglin":2,"minecraft:pig":6,"minecraft:iron_golem":14,"minecraft:wandering_trader":1,"minecraft:creeper":10,"minecraft:sheep":4,"minecraft:trader_llama":2,"minecraft:zombie":16,"minecraft:stray":8,"minecraft:blaze":15,"minecraft:enderman":5},"minecraft:picked_up":{"minecraft:iron_chestplate":1,"minecraft:crafting_table":3,"minecraft:wheat":9,"minecraft:nether_brick_fence":4,"minecraft:chicken":1,"minecraft:splash_potion":1,"minecraft:ladder":1,"minecraft:lead":4,"minecraft:wooden_pickaxe":2,"minecraft:brewing_stand":1,"minecraft:shield":1,"minecraft:string":12157,"minecraft:oak_trapdoor":2,"minecraft:red_bed":3,"minecraft:iron_axe":2,"minecraft:white_carpet":2,"minecraft:blackstone":5,"minecraft:beetroot":1,"minecraft:gold_nugget":32,"minecraft:spruce_planks":255,"minecraft:lectern":38,"minecraft:oak_boat":2,"minecraft:redstone_torch":1,"minecraft:poppy":19,"minecraft:iron_pickaxe":2,"minecraft:spruce_slab":107,"minecraft:minecart":11,"minecraft:sugar_cane":6,"minecraft:chest":1,"minecraft:spruce_trapdoor":2,"minecraft:furnace":10,"minecraft:iron_boots":2,"minecraft:golden_helmet":1,"minecraft:tipped_arrow":5,"minecraft:stick":15,"minecraft:raw_iron":5,"minecraft:stone":21,"minecraft:composter":1,"minecraft:torch":26,"minecraft:spruce_stairs":51,"minecraft:spruce_fence":12,"minecraft:porkchop":16,"minecraft:carrot":8,"minecraft:redstone":10,"minecraft:arrow":20,"minecraft:rotten_flesh":15,"minecraft:beetroot_seeds":3,"minecraft:nether_bricks":44,"minecraft:blaze_rod":6,"minecraft:mutton":8,"minecraft:rail":139,"minecraft:snowball":756,"minecraft:white_wool":5,"minecraft:cobblestone":177,"minecraft:basalt":8,"minecraft:crimson_stem":8,"minecraft:golden_carrot":18,"minecraft:tripwire_hook":2,"minecraft:water_bucket":1,"minecraft:leather":3,"minecraft:red_mushroom":1,"minecraft:potato":63,"minecraft:stripped_spruce_wood":145,"minecraft:oak_log":28,"minecraft:gunpowder":8,"minecraft:dirt":1039,"minecraft:blue_bed":8,"minecraft:lantern":5,"minecraft:cooked_mutton":3,"minecraft:bone":11,"minecraft:apple":6,"minecraft:bow":2,"minecraft:wheat_seeds":17,"minecraft:iron_ingot":51,"minecraft:grindstone":2,"minecraft:stone_pickaxe":1,"minecraft:glowstone_dust":24,"minecraft:oak_planks":15,"minecraft:oak_slab":11,"minecraft:emerald_block":60,"minecraft:cooked_porkchop":14,"minecraft:sweet_berries":37,"minecraft:stripped_spruce_log":3,"minecraft:spruce_sapling":24,"minecraft:grass_block":5,"minecraft:white_bed":6,"minecraft:spruce_log":112,"minecraft:spruce_door":8,"minecraft:spider_eye":1,"minecraft:barrel":2,"minecraft:spruce_boat":5,"minecraft:stone_axe":1,"minecraft:chainmail_leggings":2,"minecraft:bone_meal":1,"minecraft:spruce_sign":2,"minecraft:emerald":2,"minecraft:bread":3,"minecraft:baked_potato":80,"minecraft:netherrack":101,"minecraft:coal":165,"minecraft:ender_pearl":1},"minecraft:used":{"minecraft:oak_trapdoor":2,"minecraft:iron_shovel":1031,"minecraft:spruce_slab":164,"minecraft:stone_shovel":52,"minecraft:ladder":6,"minecraft:poppy":6,"minecraft:chest":7,"minecraft:spruce_planks":117,"minecraft:shield":39,"minecraft:netherrack":26,"minecraft:iron_chestplate":1,"minecraft:torch":46,"minecraft:dirt":447,"minecraft:white_carpet":2,"minecraft:hopper":5,"minecraft:nether_bricks":44,"minecraft:spruce_stairs":7,"minecraft:diamond_helmet":1,"minecraft:carrot":8,"minecraft:snowball":103,"minecraft:spruce_fence":30,"minecraft:spruce_boat":4,"minecraft:jungle_sapling":1,"minecraft:lava_bucket":1,"minecraft:lantern":5,"minecraft:iron_axe":1168,"minecraft:iron_boots":3,"minecraft:barrel":1,"minecraft:basalt":5,"minecraft:diamond_chestplate":1,"minecraft:tripwire_hook":4,"minecraft:bow":18,"minecraft:emerald_block":59,"minecraft:sweet_berries":24,"minecraft:furnace":3,"minecraft:minecart":11,"minecraft:potato":18,"minecraft:stripped_spruce_wood":1,"minecraft:cooked_mutton":8,"minecraft:water_bucket":79,"minecraft:diamond_boots":1,"minecraft:baked_potato":82,"minecraft:stone_pickaxe":113,"minecraft:oak_planks":56,"minecraft:blackstone":5,"minecraft:wooden_pickaxe":3,"minecraft:spruce_sign":9,"minecraft:blue_bed":5,"minecraft:cookie":44,"minecraft:white_wool":1,"minecraft:rail":137,"minecraft:oak_slab":3,"minecraft:crafting_table":3,"minecraft:red_bed":2,"minecraft:white_bed":5,"minecraft:spruce_log":4,"minecraft:shears":4,"minecraft:redstone_torch":1,"minecraft:apple":5,"minecraft:iron_pickaxe":503,"minecraft:string":15,"minecraft:bread":8,"minecraft:lectern":40,"minecraft:spruce_trapdoor":3,"minecraft:spruce_sapling":22,"minecraft:stone_axe":86,"minecraft:cobblestone":6,"minecraft:cooked_porkchop":16,"minecraft:bucket":82,"minecraft:oak_boat":2,"minecraft:bone_meal":1,"minecraft:diamond_leggings":1,"minecraft:chainmail_leggings":2}},"DataVersion":3953}