{"stats":{"minecraft:crafted":{"minecraft:oak_planks":64,"minecraft:stone":86,"minecraft:bookshelf":6,"minecraft:cooked_mutton":8,"minecraft:suspicious_stew":4,"minecraft:hopper":5,"minecraft:diamond_leggings":2,"minecraft:diamond_helmet":2,"minecraft:bow":2,"minecraft:chest":12,"minecraft:emerald":1217,"minecraft:cooked_porkchop":15,"minecraft:crafting_table":4,"minecraft:spruce_planks":140,"minecraft:wooden_pickaxe":1,"minecraft:apple":44,"minecraft:spruce_trapdoor":2,"minecraft:lectern":3,"minecraft:book":3,"minecraft:paper":9,"minecraft:emerald_block":56,"minecraft:stick":64,"minecraft:iron_ingot":10,"minecraft:iron_pickaxe":4,"minecraft:gold_ingot":1,"minecraft:shears":1,"minecraft:golden_carrot":108,"minecraft:cookie":216,"minecraft:stone_shovel":1,"minecraft:tripwire_hook":2,"minecraft:furnace":2,"minecraft:spruce_fence":12,"minecraft:spruce_stairs":4,"minecraft:iron_axe":8,"minecraft:spruce_slab":42,"minecraft:stone_pickaxe":1,"minecraft:diamond_boots":2,"minecraft:spruce_boat":1,"minecraft:jungle_sapling":1,"minecraft:minecart":2,"minecraft:crimson_planks":376,"minecraft:spruce_sign":9,"minecraft:bucket":2,"minecraft:stone_axe":1,"minecraft:enchanted_book":8,"minecraft:bread":96,"minecraft:air":0,"minecraft:wooden_axe":2,"minecraft:iron_shovel":6,"minecraft:white_bed":1,"minecraft:torch":24,"minecraft:diamond_chestplate":2},"minecraft:broken":{"minecraft:iron_shovel":4,"minecraft:stone_axe":1,"minecraft:iron_axe":6,"minecraft:iron_pickaxe":2},"minecraft:mined":{"minecraft:spruce_planks":258,"minecraft:white_bed":5,"minecraft:farmland":11,"minecraft:brewing_stand":1,"minecraft:spruce_trapdoor":2,"minecraft:grass_block":280,"minecraft:cracked_polished_blackstone_bricks":39,"minecraft:composter":1,"minecraft:spawner":1,"minecraft:weeping_vines_plant":1,"minecraft:polished_blackstone_bricks":69,"minecraft:glowstone":7,"minecraft:barrel":1,"minecraft:iron_ore":5,"minecraft:fire":26,"minecraft:dirt_path":87,"minecraft:spruce_slab":104,"minecraft:tripwire":6,"minecraft:red_bed":3,"minecraft:blackstone":10,"minecraft:crimson_nylium":12,"minecraft:torch":9,"minecraft:chest":1,"minecraft:nether_quartz_ore":5,"minecraft:grindstone":2,"minecraft:sugar_cane":1,"minecraft:oak_planks":13,"minecraft:wall_torch":4,"minecraft:chain":1,"minecraft:nether_wart_block":6,"minecraft:wheat":3,"minecraft:blue_ice":1,"minecraft:warped_fungus":5,"minecraft:oak_log":16,"minecraft:dirt":208,"minecraft:crimson_planks":42,"minecraft:tripwire_hook":2,"minecraft:netherrack":143,"minecraft:oak_leaves":4,"minecraft:emerald_block":60,"minecraft:nether_gold_ore":9,"minecraft:ladder":1,"minecraft:nether_bricks":44,"minecraft:spruce_fence":10,"minecraft:crimson_roots":5,"minecraft:spruce_leaves":59,"minecraft:crimson_stem":96,"minecraft:oak_trapdoor":1,"minecraft:furnace":6,"minecraft:spruce_sapling":2,"minecraft:carrots":2,"minecraft:snow":506,"minecraft:stripped_spruce_log":3,"minecraft:nether_brick_fence":4,"minecraft:bookshelf":3,"minecraft:potatoes":13,"minecraft:rail":144,"minecraft:packed_ice":45,"minecraft:stone":129,"minecraft:oak_slab":6,"minecraft:glass_pane":11,"minecraft:snow_block":24,"minecraft:basalt":10,"minecraft:spruce_door":1,"minecraft:crafting_table":2,"minecraft:short_grass":38,"minecraft:lectern":59,"minecraft:tall_grass":3,"minecraft:blue_bed":7,"minecraft:spruce_stairs":51,"minecraft:stripped_spruce_wood":145,"minecraft:redstone_torch":1,"minecraft:sweet_berry_bush":7,"minecraft:ice":19,"minecraft:white_carpet":1,"minecraft:spruce_log":115,"minecraft:coal_ore":86,"minecraft:fern":1},"minecraft:dropped":{"minecraft:spruce_sign":2,"minecraft:cooked_porkchop":2,"minecraft:cookie":108,"minecraft:emerald":3,"minecraft:dirt":2,"minecraft:snowball":80,"minecraft:gold_nugget":7,"minecraft:iron_pickaxe":2,"minecraft:bone":4,"minecraft:gold_ingot":1,"minecraft:rotten_flesh":7,"minecraft:poppy":6,"minecraft:tipped_arrow":1,"minecraft:gunpowder":1,"minecraft:arrow":2,"minecraft:iron_ingot":11,"minecraft:bread":48,"minecraft:wheat_seeds":1,"minecraft:lead":1,"minecraft:cobblestone":55,"minecraft:apple":22,"minecraft:grass_block":1,"minecraft:golden_carrot":18,"minecraft:iron_axe":2,"minecraft:string":9,"minecraft:furnace":2,"minecraft:potato":1,"minecraft:spruce_boat":1,"minecraft:stone":20,"minecraft:spruce_log":101,"minecraft:bow":2},"minecraft:custom":{"minecraft:interact_with_crafting_table":93,"minecraft:open_barrel":2,"minecraft:bell_ring":2,"minecraft:leave_game":3,"minecraft:time_since_death":20113,"minecraft:sprint_one_cm":1376925,"minecraft:damage_blocked_by_shield":2385,"minecraft:drop":152,"minecraft:talked_to_villager":234,"minecraft:play_time":559974,"minecraft:deaths":7,"minecraft:jump":9243,"minecraft:interact_with_brewingstand":1,"minecraft:walk_on_water_one_cm":73800,"minecraft:interact_with_furnace":55,"minecraft:traded_with_villager":805,"minecraft:sleep_in_bed":30,"minecraft:damage_dealt":29995,"minecraft:crouch_one_cm":30375,"minecraft:interact_with_smoker":4,"minecraft:mob_kills":119,"minecraft:inspect_hopper":3,"minecraft:interact_with_campfire":94,"minecraft:climb_one_cm":13906,"minecraft:walk_one_cm":1445921,"minecraft:sneak_time":12774,"minecraft:walk_under_water_one_cm":28477,"minecraft:boat_one_cm":879,"minecraft:total_world_time":559974,"minecraft:time_since_rest":3329,"minecraft:damage_taken":7441,"minecraft:swim_one_cm":54361,"minecraft:fly_one_cm":1778998,"minecraft:open_chest":608,"minecraft:fall_one_cm":273780},"minecraft:killed":{"minecraft:witch":2,"minecraft:spider":14,"minecraft:skeleton":5,"minecraft:piglin_brute":2,"minecraft:magma_cube":1,"minecraft:piglin":7,"minecraft:pig":6,"minecraft:iron_golem":14,"minecraft:creeper":10,"minecraft:sheep":4,"minecraft:trader_llama":2,"minecraft:zombie":16,"minecraft:stray":8,"minecraft:blaze":15,"minecraft:wandering_trader":1,"minecraft:hoglin":2,"minecraft:enderman":5},"minecraft:picked_up":{"minecraft:iron_chestplate":1,"minecraft:wheat":9,"minecraft:nether_brick_fence":4,"minecraft:lead":4,"minecraft:crimson_planks":47,"minecraft:brewing_stand":1,"minecraft:string":12157,"minecraft:beetroot":1,"minecraft:diamond_leggings":2,"minecraft:gold_nugget":32,"minecraft:spruce_planks":255,"minecraft:redstone_torch":1,"minecraft:iron_pickaxe":3,"minecraft:iron_boots":2,"minecraft:furnace":10,"minecraft:tipped_arrow":5,"minecraft:golden_helmet":2,"minecraft:stick":15,"minecraft:composter":1,"minecraft:torch":26,"minecraft:spruce_stairs":51,"minecraft:porkchop":20,"minecraft:rotten_flesh":15,"minecraft:blaze_rod":6,"minecraft:snowball":789,"minecraft:cobblestone":177,"minecraft:water_bucket":1,"minecraft:golden_leggings":1,"minecraft:potato":63,"minecraft:stripped_spruce_wood":145,"minecraft:dirt":1042,"minecraft:lantern":5,"minecraft:bone":11,"minecraft:bow":2,"minecraft:wheat_seeds":17,"minecraft:grindstone":2,"minecraft:diamond_helmet":2,"minecraft:glowstone_dust":24,"minecraft:oak_planks":15,"minecraft:chiseled_polished_blackstone":1,"minecraft:cooked_porkchop":14,"minecraft:stripped_spruce_log":3,"minecraft:grass_block":5,"minecraft:barrel":2,"minecraft:spruce_boat":5,"minecraft:cracked_polished_blackstone_bricks":43,"minecraft:crossbow":1,"minecraft:bone_meal":1,"minecraft:spruce_sign":2,"minecraft:bread":3,"minecraft:emerald":2,"minecraft:netherrack":155,"minecraft:crimson_roots":12,"minecraft:crafting_table":3,"minecraft:splash_potion":3,"minecraft:chicken":1,"minecraft:ladder":1,"minecraft:wooden_pickaxe":2,"minecraft:shield":4,"minecraft:oak_trapdoor":2,"minecraft:red_bed":3,"minecraft:iron_axe":3,"minecraft:white_carpet":2,"minecraft:blackstone":9,"minecraft:oak_boat":2,"minecraft:minecart":15,"minecraft:poppy":19,"minecraft:spruce_slab":109,"minecraft:lectern":59,"minecraft:sugar_cane":6,"minecraft:chest":1,"minecraft:spruce_trapdoor":2,"minecraft:raw_iron":5,"minecraft:stone":21,"minecraft:spruce_fence":12,"minecraft:polished_blackstone_bricks":75,"minecraft:carrot":8,"minecraft:redstone":10,"minecraft:diamond_chestplate":1,"minecraft:arrow":21,"minecraft:weeping_vines":1,"minecraft:beetroot_seeds":3,"minecraft:nether_bricks":44,"minecraft:diamond_boots":1,"minecraft:mutton":8,"minecraft:white_wool":5,"minecraft:rail":144,"minecraft:basalt":9,"minecraft:golden_carrot":30,"minecraft:tripwire_hook":2,"minecraft:crimson_stem":94,"minecraft:leather":4,"minecraft:red_mushroom":1,"minecraft:oak_log":28,"minecraft:nether_wart_block":9,"minecraft:gunpowder":8,"minecraft:blue_bed":9,"minecraft:cooked_mutton":3,"minecraft:apple":6,"minecraft:iron_ingot":55,"minecraft:stone_pickaxe":1,"minecraft:iron_sword":1,"minecraft:book":9,"minecraft:oak_slab":11,"minecraft:warped_fungus":7,"minecraft:emerald_block":60,"minecraft:sweet_berries":92,"minecraft:quartz":3,"minecraft:spruce_sapling":24,"minecraft:white_bed":6,"minecraft:spruce_log":112,"minecraft:crying_obsidian":5,"minecraft:spider_eye":1,"minecraft:spruce_door":8,"minecraft:stone_axe":1,"minecraft:chainmail_leggings":2,"minecraft:baked_potato":80,"minecraft:coal":165,"minecraft:hopper":1,"minecraft:ender_pearl":1},"minecraft:killed_by":{"minecraft:piglin_brute":2,"minecraft:piglin":3},"minecraft:used":{"minecraft:iron_shovel":1033,"minecraft:spruce_slab":166,"minecraft:poppy":6,"minecraft:ladder":6,"minecraft:chest":8,"minecraft:shield":83,"minecraft:iron_sword":59,"minecraft:iron_chestplate":1,"minecraft:nether_bricks":44,"minecraft:carrot":8,"minecraft:snowball":103,"minecraft:spruce_boat":4,"minecraft:jungle_sapling":1,"minecraft:lava_bucket":1,"minecraft:lantern":5,"minecraft:crimson_roots":1,"minecraft:golden_sword":12,"minecraft:bow":24,"minecraft:warped_fungus":1,"minecraft:sweet_berries":41,"minecraft:furnace":3,"minecraft:potato":18,"minecraft:stripped_spruce_wood":1,"minecraft:diamond_boots":1,"minecraft:stone_pickaxe":113,"minecraft:oak_planks":56,"minecraft:blackstone":9,"minecraft:wooden_pickaxe":3,"minecraft:blue_bed":5,"minecraft:cookie":44,"minecraft:white_wool":1,"minecraft:crossbow":3,"minecraft:shears":4,"minecraft:redstone_torch":1,"minecraft:bread":18,"minecraft:string":15,"minecraft:lectern":62,"minecraft:nether_wart_block":6,"minecraft:oak_boat":2,"minecraft:bone_meal":1,"minecraft:oak_trapdoor":2,"minecraft:stone_shovel":52,"minecraft:spruce_planks":117,"minecraft:netherrack":155,"minecraft:torch":46,"minecraft:dirt":545,"minecraft:white_carpet":2,"minecraft:hopper":5,"minecraft:chainmail_chestplate":2,"minecraft:spruce_stairs":7,"minecraft:diamond_helmet":1,"minecraft:spruce_fence":30,"minecraft:wooden_axe":25,"minecraft:bookshelf":3,"minecraft:iron_axe":1331,"minecraft:iron_boots":5,"minecraft:crimson_planks":250,"minecraft:barrel":1,"minecraft:diamond_chestplate":1,"minecraft:basalt":5,"minecraft:tripwire_hook":4,"minecraft:golden_carrot":11,"minecraft:emerald_block":59,"minecraft:minecart":16,"minecraft:cooked_mutton":8,"minecraft:water_bucket":79,"minecraft:baked_potato":82,"minecraft:spruce_sign":9,"minecraft:rail":141,"minecraft:crafting_table":6,"minecraft:oak_slab":3,"minecraft:red_bed":2,"minecraft:white_bed":5,"minecraft:spruce_log":4,"minecraft:apple":5,"minecraft:cracked_polished_blackstone_bricks":2,"minecraft:suspicious_stew":2,"minecraft:iron_pickaxe":680,"minecraft:spruce_trapdoor":3,"minecraft:spruce_sapling":22,"minecraft:golden_leggings":1,"minecraft:stone_axe":86,"minecraft:cobblestone":6,"minecraft:cooked_porkchop":16,"minecraft:bucket":82,"minecraft:splash_potion":1,"minecraft:diamond_leggings":1,"minecraft:chainmail_leggings":4}},"DataVersion":3953}