{"stats":{"minecraft:crafted":{"minecraft:oak_planks":84,"minecraft:smooth_stone":3,"minecraft:barrel":4,"minecraft:stone":4,"minecraft:lever":1,"minecraft:bookshelf":1,"minecraft:hopper":1,"minecraft:diamond_leggings":1,"minecraft:diamond_helmet":1,"minecraft:iron_boots":9,"minecraft:chest":29,"minecraft:rail":48,"minecraft:stone_hoe":2,"minecraft:smoker":1,"minecraft:oak_slab":18,"minecraft:emerald":183,"minecraft:crafting_table":6,"minecraft:spruce_planks":576,"minecraft:wooden_pickaxe":1,"minecraft:spruce_door":3,"minecraft:chainmail_chestplate":8,"minecraft:campfire":1,"minecraft:spruce_trapdoor":20,"minecraft:iron_chestplate":2,"minecraft:shield":9,"minecraft:stick":60,"minecraft:iron_pickaxe":3,"minecraft:stone_sword":2,"minecraft:gold_ingot":18,"minecraft:composter":1,"minecraft:shears":1,"minecraft:stone_shovel":1,"minecraft:spruce_button":8,"minecraft:furnace":2,"minecraft:blast_furnace":1,"minecraft:bone_meal":48,"minecraft:oak_trapdoor":2,"minecraft:flint_and_steel":1,"minecraft:spruce_stairs":8,"minecraft:iron_axe":2,"minecraft:spruce_slab":18,"minecraft:stone_pickaxe":1,"minecraft:diamond_boots":1,"minecraft:spruce_boat":3,"minecraft:golden_helmet":2,"minecraft:chainmail_leggings":12,"minecraft:minecart":1,"minecraft:crimson_planks":136,"minecraft:crossbow":1,"minecraft:spruce_sign":6,"minecraft:iron_sword":2,"minecraft:bucket":1,"minecraft:stone_axe":3,"minecraft:enchanted_book":1,"minecraft:air":0,"minecraft:oak_boat":1,"minecraft:white_wool":9,"minecraft:iron_shovel":8,"minecraft:white_bed":3,"minecraft:torch":64,"minecraft:diamond_chestplate":1},"minecraft:broken":{"minecraft:iron_shovel":7,"minecraft:stone_axe":2,"minecraft:stone_shovel":2,"minecraft:stone_sword":2,"minecraft:iron_axe":1,"minecraft:iron_pickaxe":1},"minecraft:mined":{"minecraft:spruce_planks":31,"minecraft:white_bed":6,"minecraft:farmland":4,"minecraft:spruce_trapdoor":1,"minecraft:chiseled_polished_blackstone":1,"minecraft:grass_block":764,"minecraft:cracked_polished_blackstone_bricks":36,"minecraft:composter":6,"minecraft:crimson_fungus":3,"minecraft:polished_blackstone_bricks":50,"minecraft:weeping_vines_plant":5,"minecraft:glowstone":11,"minecraft:barrel":11,"minecraft:iron_ore":5,"minecraft:fire":38,"minecraft:dirt_path":51,"minecraft:spruce_slab":5,"minecraft:tripwire":5,"minecraft:brown_mushroom":1,"minecraft:red_bed":7,"minecraft:blackstone":7,"minecraft:smoker":1,"minecraft:crimson_nylium":6,"minecraft:torch":5,"minecraft:poppy":1,"minecraft:blast_furnace":1,"minecraft:chest":18,"minecraft:spruce_wall_sign":1,"minecraft:nether_quartz_ore":68,"minecraft:cobblestone":8,"minecraft:oak_planks":23,"minecraft:wall_torch":9,"minecraft:nether_wart_block":3,"minecraft:lilac":1,"minecraft:warped_fungus":1,"minecraft:oak_log":21,"minecraft:dirt":759,"minecraft:crimson_planks":27,"minecraft:netherrack":195,"minecraft:emerald_block":7,"minecraft:nether_gold_ore":43,"minecraft:ladder":1,"minecraft:nether_bricks":9,"minecraft:spruce_fence":8,"minecraft:crimson_roots":14,"minecraft:spruce_leaves":83,"minecraft:red_mushroom":10,"minecraft:crimson_stem":44,"minecraft:large_fern":3,"minecraft:oak_trapdoor":1,"minecraft:furnace":7,"minecraft:carrots":71,"minecraft:snow":102,"minecraft:stripped_spruce_log":10,"minecraft:gold_block":15,"minecraft:nether_brick_fence":3,"minecraft:bookshelf":1,"minecraft:potatoes":28,"minecraft:rail":30,"minecraft:lantern":2,"minecraft:packed_ice":18,"minecraft:stone":189,"minecraft:white_wool":3,"minecraft:oak_slab":13,"minecraft:glass_pane":1,"minecraft:snow_block":1,"minecraft:basalt":37,"minecraft:crafting_table":6,"minecraft:short_grass":15,"minecraft:spruce_button":1,"minecraft:tall_grass":4,"minecraft:polished_blackstone_brick_stairs":5,"minecraft:blue_bed":14,"minecraft:spruce_stairs":16,"minecraft:stripped_spruce_wood":36,"minecraft:sweet_berry_bush":38,"minecraft:ice":16,"minecraft:white_carpet":3,"minecraft:spruce_log":130,"minecraft:coal_ore":17,"minecraft:gravel":4,"minecraft:fern":3},"minecraft:dropped":{"minecraft:spruce_sign":2,"minecraft:iron_sword":2,"minecraft:crossbow":2,"minecraft:weeping_vines":1,"minecraft:lantern":1,"minecraft:cracked_polished_blackstone_bricks":2,"minecraft:crimson_roots":7,"minecraft:snowball":136,"minecraft:gold_nugget":1,"minecraft:bone_meal":1,"minecraft:iron_pickaxe":2,"minecraft:gold_ingot":20,"minecraft:gravel":22,"minecraft:rotten_flesh":7,"minecraft:oak_planks":1,"minecraft:carrot":148,"minecraft:chainmail_chestplate":4,"minecraft:poppy":19,"minecraft:arrow":7,"minecraft:iron_ingot":11,"minecraft:wheat_seeds":1,"minecraft:golden_helmet":2,"minecraft:minecart":1,"minecraft:diamond_leggings":1,"minecraft:spectral_arrow":11,"minecraft:stick":1,"minecraft:golden_carrot":12,"minecraft:diamond_helmet":1,"minecraft:iron_axe":2,"minecraft:chainmail_leggings":4,"minecraft:string":1,"minecraft:chicken":2,"minecraft:iron_boots":8,"minecraft:shield":8,"minecraft:diamond_chestplate":1,"minecraft:spruce_planks":14,"minecraft:iron_chestplate":1,"minecraft:golden_leggings":1,"minecraft:diamond_boots":1,"minecraft:bow":1,"minecraft:magma_cream":1},"minecraft:custom":{"minecraft:interact_with_crafting_table":104,"minecraft:open_barrel":7,"minecraft:leave_game":4,"minecraft:time_since_death":75218,"minecraft:sprint_one_cm":1639448,"minecraft:damage_blocked_by_shield":815,"minecraft:drop":157,"minecraft:talked_to_villager":117,"minecraft:play_time":556845,"minecraft:deaths":7,"minecraft:jump":10903,"minecraft:walk_on_water_one_cm":84521,"minecraft:interact_with_furnace":18,"minecraft:traded_with_villager":226,"minecraft:sleep_in_bed":25,"minecraft:damage_dealt":34214,"minecraft:crouch_one_cm":259110,"minecraft:interact_with_smoker":2,"minecraft:interact_with_anvil":5,"minecraft:mob_kills":118,"minecraft:interact_with_campfire":34,"minecraft:climb_one_cm":11164,"minecraft:walk_one_cm":1327488,"minecraft:sneak_time":72643,"minecraft:walk_under_water_one_cm":11798,"minecraft:boat_one_cm":4911,"minecraft:interact_with_blast_furnace":3,"minecraft:total_world_time":556845,"minecraft:interact_with_grindstone":1,"minecraft:time_since_rest":75249,"minecraft:damage_taken":7626,"minecraft:swim_one_cm":13619,"minecraft:fly_one_cm":2007883,"minecraft:open_chest":353,"minecraft:fall_one_cm":247548},"minecraft:killed":{"minecraft:spider":3,"minecraft:skeleton":2,"minecraft:chicken":4,"minecraft:piglin_brute":10,"minecraft:magma_cube":14,"minecraft:piglin":3,"minecraft:pig":11,"minecraft:iron_golem":17,"minecraft:creeper":4,"minecraft:sheep":2,"minecraft:zombie":7,"minecraft:stray":8,"minecraft:blaze":19,"minecraft:hoglin":2,"minecraft:wither_skeleton":1,"minecraft:villager":2,"minecraft:enderman":2},"minecraft:picked_up":{"minecraft:iron_chestplate":1,"minecraft:nether_brick_fence":3,"minecraft:lead":3,"minecraft:diamond_sword":1,"minecraft:enchanted_book":4,"minecraft:nether_brick":5,"minecraft:crimson_planks":86,"minecraft:polished_blackstone_brick_stairs":4,"minecraft:string":3031,"minecraft:diamond_leggings":2,"minecraft:gold_nugget":192,"minecraft:spruce_planks":46,"minecraft:iron_pickaxe":2,"minecraft:iron_boots":7,"minecraft:furnace":7,"minecraft:tipped_arrow":6,"minecraft:stick":10,"minecraft:composter":6,"minecraft:torch":25,"minecraft:spruce_stairs":16,"minecraft:porkchop":36,"minecraft:rotten_flesh":7,"minecraft:blaze_rod":13,"minecraft:obsidian":1,"minecraft:snowball":218,"minecraft:cobblestone":251,"minecraft:feather":2,"minecraft:lilac":1,"minecraft:magma_cream":1,"minecraft:golden_leggings":2,"minecraft:smoker":1,"minecraft:potato":106,"minecraft:flint":1,"minecraft:stripped_spruce_wood":36,"minecraft:dirt":2223,"minecraft:lantern":4,"minecraft:bone":14,"minecraft:bow":3,"minecraft:wheat_seeds":3,"minecraft:bell":1,"minecraft:diamond_helmet":2,"minecraft:glowstone_dust":39,"minecraft:oak_planks":22,"minecraft:cooked_porkchop":21,"minecraft:stripped_spruce_log":9,"minecraft:grass_block":1,"minecraft:spectral_arrow":11,"minecraft:barrel":10,"minecraft:spruce_boat":13,"minecraft:cracked_polished_blackstone_bricks":70,"minecraft:crossbow":2,"minecraft:spruce_button":5,"minecraft:spruce_sign":1,"minecraft:emerald":2,"minecraft:bread":48,"minecraft:oak_sapling":2,"minecraft:netherrack":190,"minecraft:crimson_roots":14,"minecraft:crafting_table":6,"minecraft:splash_potion":1,"minecraft:chicken":5,"minecraft:ladder":1,"minecraft:gold_block":14,"minecraft:shield":15,"minecraft:red_bed":7,"minecraft:iron_axe":2,"minecraft:white_carpet":2,"minecraft:blackstone":14,"minecraft:oak_boat":11,"minecraft:iron_nugget":5,"minecraft:poppy":24,"minecraft:spruce_slab":5,"minecraft:minecart":3,"minecraft:sugar_cane":8,"minecraft:chest":18,"minecraft:spruce_trapdoor":1,"minecraft:raw_iron":5,"minecraft:stone":51,"minecraft:spruce_fence":6,"minecraft:fire_charge":2,"minecraft:polished_blackstone_bricks":38,"minecraft:cookie":108,"minecraft:carrot":288,"minecraft:diamond_chestplate":1,"minecraft:arrow":11,"minecraft:weeping_vines":3,"minecraft:nether_bricks":9,"minecraft:diamond_boots":1,"minecraft:gold_ingot":7,"minecraft:mutton":3,"minecraft:white_wool":6,"minecraft:rail":37,"minecraft:basalt":33,"minecraft:golden_carrot":40,"minecraft:crimson_stem":45,"minecraft:leather":4,"minecraft:red_mushroom":9,"minecraft:crimson_fungus":4,"minecraft:oak_log":21,"minecraft:chainmail_chestplate":3,"minecraft:nether_wart_block":3,"minecraft:gunpowder":3,"minecraft:blue_bed":13,"minecraft:apple":23,"minecraft:iron_ingot":92,"minecraft:cooked_chicken":2,"minecraft:iron_sword":1,"minecraft:soul_sand":7,"minecraft:book":3,"minecraft:oak_slab":12,"minecraft:warped_fungus":2,"minecraft:emerald_block":7,"minecraft:sweet_berries":302,"minecraft:quartz":69,"minecraft:gravel":54,"minecraft:spruce_sapling":7,"minecraft:blast_furnace":1,"minecraft:white_bed":6,"minecraft:spruce_log":231,"minecraft:crying_obsidian":10,"minecraft:chainmail_leggings":11,"minecraft:baked_potato":25,"minecraft:warped_nylium":1,"minecraft:coal":18,"minecraft:ender_pearl":1},"minecraft:killed_by":{"minecraft:piglin_brute":1,"minecraft:zombie":3},"minecraft:used":{"minecraft:iron_shovel":1775,"minecraft:spruce_slab":10,"minecraft:chest":45,"minecraft:shield":24,"minecraft:iron_sword":214,"minecraft:bell":1,"minecraft:iron_chestplate":3,"minecraft:mutton":3,"minecraft:nether_bricks":5,"minecraft:carrot":131,"minecraft:snowball":66,"minecraft:spruce_boat":15,"minecraft:lava_bucket":8,"minecraft:lantern":3,"minecraft:crimson_roots":7,"minecraft:bow":11,"minecraft:warped_fungus":1,"minecraft:sweet_berries":121,"minecraft:furnace":10,"minecraft:beetroot_seeds":1,"minecraft:potato":20,"minecraft:diamond_boots":1,"minecraft:spruce_door":1,"minecraft:stone_pickaxe":110,"minecraft:oak_planks":20,"minecraft:blackstone":12,"minecraft:wooden_pickaxe":14,"minecraft:composter":7,"minecraft:blue_bed":12,"minecraft:cookie":65,"minecraft:white_wool":3,"minecraft:blast_furnace":2,"minecraft:crossbow":9,"minecraft:shears":3,"minecraft:lever":1,"minecraft:crying_obsidian":1,"minecraft:bread":53,"minecraft:string":10,"minecraft:gravel":6,"minecraft:golden_helmet":5,"minecraft:nether_wart_block":3,"minecraft:diamond_sword":6,"minecraft:oak_boat":11,"minecraft:bone_meal":47,"minecraft:oak_trapdoor":2,"minecraft:stone_sword":264,"minecraft:flint_and_steel":1,"minecraft:stone_shovel":213,"minecraft:spruce_planks":217,"minecraft:stone_hoe":160,"minecraft:cooked_chicken":2,"minecraft:netherrack":122,"minecraft:torch":89,"minecraft:dirt":1187,"minecraft:spruce_stairs":48,"minecraft:diamond_helmet":2,"minecraft:bookshelf":1,"minecraft:iron_axe":332,"minecraft:spruce_button":11,"minecraft:polished_blackstone_brick_stairs":1,"minecraft:iron_boots":5,"minecraft:crimson_planks":203,"minecraft:barrel":14,"minecraft:diamond_chestplate":1,"minecraft:basalt":33,"minecraft:golden_carrot":16,"minecraft:emerald_block":7,"minecraft:minecart":2,"minecraft:water_bucket":89,"minecraft:baked_potato":23,"minecraft:spruce_sign":5,"minecraft:polished_blackstone_bricks":38,"minecraft:gilded_blackstone":2,"minecraft:rail":85,"minecraft:oak_slab":28,"minecraft:crafting_table":9,"minecraft:red_bed":7,"minecraft:campfire":1,"minecraft:white_bed":9,"minecraft:smoker":2,"minecraft:spruce_log":24,"minecraft:apple":1,"minecraft:cracked_polished_blackstone_bricks":68,"minecraft:chicken":1,"minecraft:iron_pickaxe":652,"minecraft:spruce_trapdoor":15,"minecraft:spruce_sapling":4,"minecraft:golden_leggings":1,"minecraft:stone_axe":216,"minecraft:cobblestone":13,"minecraft:porkchop":2,"minecraft:cooked_porkchop":19,"minecraft:bucket":98,"minecraft:splash_potion":1,"minecraft:diamond_leggings":2,"minecraft:chainmail_leggings":3}},"DataVersion":3953}