{"stats":{"minecraft:crafted":{"minecraft:oak_slab":12,"minecraft:oak_planks":84,"minecraft:stone_shovel":1,"minecraft:barrel":1,"minecraft:crafting_table":1,"minecraft:spruce_planks":128,"minecraft:wooden_pickaxe":1,"minecraft:lever":1,"minecraft:bucket":1,"minecraft:campfire":1,"minecraft:stone_axe":2,"minecraft:oak_trapdoor":2,"minecraft:oak_boat":1,"minecraft:iron_chestplate":1,"minecraft:shield":2,"minecraft:stick":20,"minecraft:stone_pickaxe":1,"minecraft:stone_sword":1,"minecraft:chest":2,"minecraft:stone_hoe":1,"minecraft:shears":1},"minecraft:broken":{"minecraft:stone_axe":1},"minecraft:mined":{"minecraft:spruce_planks":10,"minecraft:white_bed":2,"minecraft:brown_mushroom":1,"minecraft:glass_pane":1,"minecraft:red_bed":4,"minecraft:crafting_table":1,"minecraft:short_grass":11,"minecraft:grass_block":6,"minecraft:spruce_fence":8,"minecraft:tall_grass":4,"minecraft:spruce_leaves":34,"minecraft:oak_planks":14,"minecraft:blue_bed":2,"minecraft:large_fern":3,"minecraft:oak_trapdoor":1,"minecraft:stripped_spruce_wood":13,"minecraft:iron_ore":5,"minecraft:sweet_berry_bush":25,"minecraft:snow":3,"minecraft:ice":1,"minecraft:lilac":1,"minecraft:white_carpet":3,"minecraft:spruce_log":23,"minecraft:oak_log":21,"minecraft:coal_ore":17,"minecraft:dirt_path":1,"minecraft:lantern":1,"minecraft:gravel":1,"minecraft:dirt":11,"minecraft:packed_ice":18,"minecraft:stone":40,"minecraft:tripwire":1,"minecraft:fern":3},"minecraft:dropped":{"minecraft:wheat_seeds":1,"minecraft:chicken":2,"minecraft:oak_planks":1,"minecraft:shield":1},"minecraft:custom":{"minecraft:interact_with_furnace":1,"minecraft:mob_kills":30,"minecraft:interact_with_crafting_table":18,"minecraft:interact_with_campfire":17,"minecraft:leave_game":1,"minecraft:time_since_death":75402,"minecraft:sleep_in_bed":3,"minecraft:climb_one_cm":1818,"minecraft:time_since_rest":35456,"minecraft:sprint_one_cm":235368,"minecraft:damage_taken":1399,"minecraft:walk_one_cm":154017,"minecraft:drop":5,"minecraft:damage_dealt":8033,"minecraft:swim_one_cm":9319,"minecraft:fly_one_cm":360581,"minecraft:open_chest":4,"minecraft:crouch_one_cm":32769,"minecraft:play_time":75402,"minecraft:sneak_time":9889,"minecraft:walk_under_water_one_cm":4978,"minecraft:boat_one_cm":108,"minecraft:jump":1775,"minecraft:walk_on_water_one_cm":13725,"minecraft:total_world_time":75402,"minecraft:fall_one_cm":38802},"minecraft:killed":{"minecraft:pig":11,"minecraft:spider":2,"minecraft:iron_golem":7,"minecraft:skeleton":1,"minecraft:sheep":1,"minecraft:zombie":2,"minecraft:chicken":3,"minecraft:stray":2},"minecraft:picked_up":{"minecraft:crafting_table":1,"minecraft:feather":2,"minecraft:lilac":1,"minecraft:chicken":5,"minecraft:potato":3,"minecraft:stripped_spruce_wood":13,"minecraft:oak_log":21,"minecraft:blue_bed":2,"minecraft:dirt":19,"minecraft:string":481,"minecraft:red_bed":4,"minecraft:lantern":3,"minecraft:white_carpet":2,"minecraft:bone":5,"minecraft:apple":1,"minecraft:wheat_seeds":3,"minecraft:bell":1,"minecraft:spruce_planks":10,"minecraft:iron_ingot":17,"minecraft:cooked_chicken":2,"minecraft:poppy":3,"minecraft:sugar_cane":8,"minecraft:oak_planks":13,"minecraft:tipped_arrow":2,"minecraft:stick":2,"minecraft:raw_iron":5,"minecraft:cooked_porkchop":17,"minecraft:sweet_berries":48,"minecraft:gravel":1,"minecraft:spruce_fence":6,"minecraft:porkchop":24,"minecraft:spruce_sapling":1,"minecraft:white_bed":2,"minecraft:spruce_log":23,"minecraft:arrow":1,"minecraft:oak_sapling":2,"minecraft:mutton":2,"minecraft:coal":17,"minecraft:snowball":3,"minecraft:white_wool":2,"minecraft:cobblestone":40},"minecraft:used":{"minecraft:oak_trapdoor":2,"minecraft:water_bucket":37,"minecraft:stone_sword":128,"minecraft:stone_pickaxe":54,"minecraft:stone_shovel":20,"minecraft:oak_planks":18,"minecraft:chest":2,"minecraft:spruce_planks":119,"minecraft:wooden_pickaxe":14,"minecraft:cooked_chicken":1,"minecraft:blue_bed":2,"minecraft:bell":1,"minecraft:stone_hoe":2,"minecraft:iron_chestplate":1,"minecraft:dirt":15,"minecraft:mutton":2,"minecraft:crafting_table":2,"minecraft:red_bed":4,"minecraft:white_bed":2,"minecraft:campfire":1,"minecraft:shears":1,"minecraft:snowball":3,"minecraft:spruce_log":1,"minecraft:lever":1,"minecraft:apple":1,"minecraft:chicken":1,"minecraft:lantern":1,"minecraft:string":2,"minecraft:gravel":1,"minecraft:barrel":1,"minecraft:stone_axe":127,"minecraft:sweet_berries":48,"minecraft:cooked_porkchop":14,"minecraft:beetroot_seeds":1,"minecraft:bucket":38,"minecraft:oak_boat":1,"minecraft:potato":1}},"DataVersion":3953}