{"stats":{"minecraft:broken":{"minecraft:iron_shovel":7,"minecraft:stone_sword":2,"minecraft:stone_axe":2,"minecraft:stone_shovel":2},"minecraft:mined":{"minecraft:spruce_planks":23,"minecraft:white_bed":6,"minecraft:farmland":4,"minecraft:spruce_trapdoor":1,"minecraft:ladder":1,"minecraft:grass_block":739,"minecraft:spruce_fence":8,"minecraft:spruce_leaves":52,"minecraft:composter":6,"minecraft:large_fern":3,"minecraft:oak_trapdoor":1,"minecraft:furnace":7,"minecraft:carrots":71,"minecraft:iron_ore":5,"minecraft:barrel":11,"minecraft:snow":102,"minecraft:stripped_spruce_log":10,"minecraft:potatoes":28,"minecraft:dirt_path":50,"minecraft:rail":30,"minecraft:lantern":2,"minecraft:packed_ice":18,"minecraft:stone":177,"minecraft:white_wool":3,"minecraft:spruce_slab":5,"minecraft:tripwire":5,"minecraft:oak_slab":11,"minecraft:brown_mushroom":1,"minecraft:glass_pane":1,"minecraft:red_bed":7,"minecraft:smoker":1,"minecraft:snow_block":1,"minecraft:crafting_table":3,"minecraft:torch":5,"minecraft:spruce_button":1,"minecraft:short_grass":13,"minecraft:blast_furnace":1,"minecraft:poppy":1,"minecraft:chest":17,"minecraft:spruce_wall_sign":1,"minecraft:tall_grass":4,"minecraft:cobblestone":4,"minecraft:oak_planks":23,"minecraft:blue_bed":14,"minecraft:wall_torch":9,"minecraft:spruce_stairs":7,"minecraft:stripped_spruce_wood":35,"minecraft:sweet_berry_bush":35,"minecraft:ice":16,"minecraft:lilac":1,"minecraft:white_carpet":3,"minecraft:spruce_log":72,"minecraft:oak_log":21,"minecraft:coal_ore":17,"minecraft:gravel":1,"minecraft:dirt":742,"minecraft:emerald_block":7,"minecraft:fern":3},"minecraft:custom":{"minecraft:mob_kills":51,"minecraft:interact_with_crafting_table":79,"minecraft:open_barrel":5,"minecraft:interact_with_campfire":34,"minecraft:leave_game":4,"minecraft:time_since_death":328942,"minecraft:climb_one_cm":7536,"minecraft:sprint_one_cm":920070,"minecraft:walk_one_cm":846990,"minecraft:damage_blocked_by_shield":280,"minecraft:drop":122,"minecraft:talked_to_villager":81,"minecraft:play_time":328942,"minecraft:sneak_time":37109,"minecraft:walk_under_water_one_cm":9725,"minecraft:boat_one_cm":4104,"minecraft:jump":5898,"minecraft:interact_with_blast_furnace":3,"minecraft:walk_on_water_one_cm":80814,"minecraft:total_world_time":328942,"minecraft:interact_with_furnace":14,"minecraft:traded_with_villager":173,"minecraft:sleep_in_bed":22,"minecraft:time_since_rest":4917,"minecraft:damage_taken":2530,"minecraft:damage_dealt":22605,"minecraft:swim_one_cm":12362,"minecraft:fly_one_cm":1047741,"minecraft:open_chest":190,"minecraft:crouch_one_cm":135329,"minecraft:interact_with_smoker":2,"minecraft:fall_one_cm":124589},"minecraft:used":{"minecraft:oak_trapdoor":2,"minecraft:stone_sword":264,"minecraft:iron_shovel":1751,"minecraft:spruce_slab":3,"minecraft:stone_shovel":213,"minecraft:chest":45,"minecraft:spruce_planks":158,"minecraft:shield":9,"minecraft:bell":1,"minecraft:stone_hoe":160,"minecraft:cooked_chicken":2,"minecraft:iron_chestplate":1,"minecraft:torch":73,"minecraft:dirt":873,"minecraft:mutton":3,"minecraft:spruce_stairs":31,"minecraft:carrot":131,"minecraft:snowball":66,"minecraft:spruce_boat":15,"minecraft:lantern":3,"minecraft:iron_axe":176,"minecraft:spruce_button":11,"minecraft:iron_boots":3,"minecraft:barrel":14,"minecraft:bow":4,"minecraft:emerald_block":7,"minecraft:sweet_berries":88,"minecraft:furnace":10,"minecraft:minecart":2,"minecraft:beetroot_seeds":1,"minecraft:potato":20,"minecraft:water_bucket":72,"minecraft:diamond_boots":1,"minecraft:spruce_door":1,"minecraft:stone_pickaxe":110,"minecraft:baked_potato":23,"minecraft:oak_planks":20,"minecraft:wooden_pickaxe":14,"minecraft:composter":7,"minecraft:spruce_sign":5,"minecraft:blue_bed":12,"minecraft:cookie":44,"minecraft:white_wool":3,"minecraft:rail":84,"minecraft:oak_slab":26,"minecraft:crafting_table":5,"minecraft:red_bed":7,"minecraft:blast_furnace":2,"minecraft:white_bed":9,"minecraft:campfire":1,"minecraft:smoker":2,"minecraft:spruce_log":1,"minecraft:shears":3,"minecraft:lever":1,"minecraft:apple":1,"minecraft:bread":3,"minecraft:chicken":1,"minecraft:iron_pickaxe":132,"minecraft:string":10,"minecraft:spruce_trapdoor":8,"minecraft:spruce_sapling":3,"minecraft:gravel":1,"minecraft:stone_axe":208,"minecraft:cobblestone":4,"minecraft:cooked_porkchop":19,"minecraft:bucket":73,"minecraft:oak_boat":9,"minecraft:diamond_leggings":1,"minecraft:bone_meal":42,"minecraft:chainmail_leggings":1},"minecraft:crafted":{"minecraft:oak_planks":84,"minecraft:smooth_stone":3,"minecraft:stone_shovel":1,"minecraft:barrel":4,"minecraft:spruce_button":8,"minecraft:furnace":2,"minecraft:blast_furnace":1,"minecraft:stone":4,"minecraft:bone_meal":42,"minecraft:lever":1,"minecraft:oak_trapdoor":2,"minecraft:diamond_helmet":1,"minecraft:diamond_leggings":1,"minecraft:iron_boots":9,"minecraft:iron_axe":1,"minecraft:spruce_slab":12,"minecraft:stone_pickaxe":1,"minecraft:chest":28,"minecraft:diamond_boots":1,"minecraft:spruce_boat":3,"minecraft:rail":48,"minecraft:stone_hoe":2,"minecraft:chainmail_leggings":12,"minecraft:smoker":1,"minecraft:minecart":1,"minecraft:oak_slab":18,"minecraft:emerald":132,"minecraft:spruce_sign":6,"minecraft:crafting_table":2,"minecraft:spruce_planks":452,"minecraft:wooden_pickaxe":1,"minecraft:spruce_door":3,"minecraft:chainmail_chestplate":8,"minecraft:bucket":1,"minecraft:campfire":1,"minecraft:stone_axe":3,"minecraft:air":0,"minecraft:oak_boat":1,"minecraft:spruce_trapdoor":8,"minecraft:white_wool":9,"minecraft:iron_chestplate":2,"minecraft:shield":9,"minecraft:stick":52,"minecraft:iron_pickaxe":1,"minecraft:stone_sword":2,"minecraft:iron_shovel":7,"minecraft:white_bed":3,"minecraft:composter":1,"minecraft:torch":56,"minecraft:shears":1,"minecraft:diamond_chestplate":1},"minecraft:dropped":{"minecraft:iron_ingot":11,"minecraft:spruce_sign":2,"minecraft:wheat_seeds":1,"minecraft:minecart":1,"minecraft:lantern":1,"minecraft:stick":1,"minecraft:snowball":102,"minecraft:iron_axe":2,"minecraft:iron_pickaxe":2,"minecraft:chainmail_leggings":3,"minecraft:string":1,"minecraft:rotten_flesh":2,"minecraft:chicken":2,"minecraft:oak_planks":1,"minecraft:iron_boots":8,"minecraft:carrot":148,"minecraft:chainmail_chestplate":4,"minecraft:poppy":19,"minecraft:shield":7,"minecraft:spruce_planks":14,"minecraft:iron_chestplate":1,"minecraft:bow":1},"minecraft:picked_up":{"minecraft:iron_chestplate":1,"minecraft:crafting_table":3,"minecraft:ladder":1,"minecraft:chicken":5,"minecraft:lead":3,"minecraft:shield":13,"minecraft:string":3028,"minecraft:red_bed":7,"minecraft:iron_axe":2,"minecraft:white_carpet":2,"minecraft:spruce_planks":38,"minecraft:oak_boat":8,"minecraft:iron_pickaxe":2,"minecraft:poppy":23,"minecraft:spruce_slab":5,"minecraft:minecart":3,"minecraft:sugar_cane":8,"minecraft:chest":17,"minecraft:spruce_trapdoor":1,"minecraft:iron_boots":7,"minecraft:furnace":7,"minecraft:tipped_arrow":6,"minecraft:stick":4,"minecraft:raw_iron":5,"minecraft:stone":51,"minecraft:composter":6,"minecraft:spruce_stairs":7,"minecraft:torch":25,"minecraft:spruce_fence":6,"minecraft:porkchop":24,"minecraft:cookie":108,"minecraft:carrot":288,"minecraft:rotten_flesh":2,"minecraft:arrow":7,"minecraft:mutton":3,"minecraft:rail":36,"minecraft:snowball":202,"minecraft:white_wool":6,"minecraft:cobblestone":236,"minecraft:feather":2,"minecraft:lilac":1,"minecraft:smoker":1,"minecraft:potato":106,"minecraft:stripped_spruce_wood":35,"minecraft:oak_log":21,"minecraft:chainmail_chestplate":3,"minecraft:dirt":2182,"minecraft:blue_bed":13,"minecraft:lantern":4,"minecraft:bone":11,"minecraft:apple":23,"minecraft:bow":3,"minecraft:wheat_seeds":3,"minecraft:bell":1,"minecraft:iron_ingot":92,"minecraft:cooked_chicken":2,"minecraft:oak_planks":22,"minecraft:oak_slab":11,"minecraft:emerald_block":7,"minecraft:cooked_porkchop":21,"minecraft:sweet_berries":127,"minecraft:gravel":1,"minecraft:stripped_spruce_log":9,"minecraft:spruce_sapling":4,"minecraft:grass_block":1,"minecraft:blast_furnace":1,"minecraft:white_bed":6,"minecraft:spruce_log":72,"minecraft:barrel":10,"minecraft:spruce_boat":13,"minecraft:chainmail_leggings":11,"minecraft:bread":48,"minecraft:spruce_sign":1,"minecraft:spruce_button":5,"minecraft:emerald":2,"minecraft:baked_potato":25,"minecraft:oak_sapling":2,"minecraft:coal":17},"minecraft:killed":{"minecraft:spider":3,"minecraft:skeleton":1,"minecraft:chicken":3,"minecraft:pig":11,"minecraft:iron_golem":17,"minecraft:creeper":1,"minecraft:sheep":2,"minecraft:zombie":3,"minecraft:stray":6,"minecraft:villager":2,"minecraft:enderman":1}},"DataVersion":3953}