{"stats":{"minecraft:crafted":{"minecraft:oak_planks":84,"minecraft:stone_shovel":1,"minecraft:crafting_table":1,"minecraft:spruce_planks":112,"minecraft:wooden_pickaxe":1,"minecraft:bucket":1,"minecraft:campfire":1,"minecraft:stone_axe":1,"minecraft:oak_boat":1,"minecraft:shield":2,"minecraft:stick":16,"minecraft:stone_pickaxe":1,"minecraft:stone_sword":1,"minecraft:stone_hoe":1},"minecraft:mined":{"minecraft:spruce_planks":9,"minecraft:brown_mushroom":1,"minecraft:white_bed":2,"minecraft:glass_pane":1,"minecraft:red_bed":4,"minecraft:crafting_table":1,"minecraft:short_grass":11,"minecraft:grass_block":6,"minecraft:spruce_fence":8,"minecraft:tall_grass":4,"minecraft:spruce_leaves":34,"minecraft:oak_planks":10,"minecraft:blue_bed":2,"minecraft:large_fern":3,"minecraft:stripped_spruce_wood":13,"minecraft:iron_ore":5,"minecraft:snow":3,"minecraft:sweet_berry_bush":23,"minecraft:lilac":1,"minecraft:white_carpet":3,"minecraft:spruce_log":23,"minecraft:oak_log":21,"minecraft:coal_ore":17,"minecraft:dirt_path":1,"minecraft:lantern":1,"minecraft:gravel":1,"minecraft:dirt":11,"minecraft:packed_ice":18,"minecraft:stone":40,"minecraft:fern":3},"minecraft:dropped":{"minecraft:wheat_seeds":1,"minecraft:chicken":2,"minecraft:shield":1},"minecraft:custom":{"minecraft:interact_with_furnace":1,"minecraft:mob_kills":27,"minecraft:interact_with_crafting_table":12,"minecraft:interact_with_campfire":17,"minecraft:time_since_death":64177,"minecraft:sleep_in_bed":3,"minecraft:climb_one_cm":1818,"minecraft:time_since_rest":24231,"minecraft:sprint_one_cm":212800,"minecraft:damage_taken":1277,"minecraft:walk_one_cm":135509,"minecraft:drop":4,"minecraft:damage_dealt":5908,"minecraft:swim_one_cm":9319,"minecraft:fly_one_cm":343151,"minecraft:open_chest":3,"minecraft:crouch_one_cm":27166,"minecraft:play_time":64177,"minecraft:sneak_time":8259,"minecraft:walk_under_water_one_cm":4819,"minecraft:boat_one_cm":108,"minecraft:jump":1585,"minecraft:walk_on_water_one_cm":8620,"minecraft:total_world_time":64177,"minecraft:fall_one_cm":34781},"minecraft:killed":{"minecraft:pig":11,"minecraft:spider":2,"minecraft:iron_golem":4,"minecraft:sheep":1,"minecraft:skeleton":1,"minecraft:zombie":2,"minecraft:chicken":3,"minecraft:stray":2},"minecraft:picked_up":{"minecraft:crafting_table":1,"minecraft:feather":2,"minecraft:lilac":1,"minecraft:chicken":5,"minecraft:potato":3,"minecraft:stripped_spruce_wood":13,"minecraft:oak_log":21,"minecraft:dirt":19,"minecraft:blue_bed":2,"minecraft:red_bed":4,"minecraft:lantern":3,"minecraft:white_carpet":2,"minecraft:bone":5,"minecraft:apple":1,"minecraft:wheat_seeds":3,"minecraft:bell":1,"minecraft:spruce_planks":9,"minecraft:iron_ingot":8,"minecraft:cooked_chicken":2,"minecraft:poppy":2,"minecraft:sugar_cane":8,"minecraft:oak_planks":9,"minecraft:tipped_arrow":2,"minecraft:raw_iron":5,"minecraft:cooked_porkchop":17,"minecraft:sweet_berries":48,"minecraft:spruce_fence":6,"minecraft:gravel":1,"minecraft:porkchop":24,"minecraft:spruce_sapling":1,"minecraft:white_bed":2,"minecraft:spruce_log":23,"minecraft:arrow":1,"minecraft:oak_sapling":2,"minecraft:mutton":2,"minecraft:snowball":3,"minecraft:coal":17,"minecraft:white_wool":2,"minecraft:cobblestone":40},"minecraft:used":{"minecraft:water_bucket":34,"minecraft:stone_sword":103,"minecraft:stone_pickaxe":54,"minecraft:stone_shovel":20,"minecraft:oak_planks":12,"minecraft:spruce_planks":119,"minecraft:wooden_pickaxe":14,"minecraft:blue_bed":2,"minecraft:bell":1,"minecraft:stone_hoe":2,"minecraft:dirt":15,"minecraft:mutton":2,"minecraft:crafting_table":2,"minecraft:red_bed":4,"minecraft:campfire":1,"minecraft:white_bed":2,"minecraft:snowball":3,"minecraft:spruce_log":1,"minecraft:apple":1,"minecraft:lantern":1,"minecraft:chicken":1,"minecraft:gravel":1,"minecraft:stone_axe":111,"minecraft:sweet_berries":40,"minecraft:cooked_porkchop":14,"minecraft:beetroot_seeds":1,"minecraft:bucket":35,"minecraft:oak_boat":1,"minecraft:potato":1}},"DataVersion":3953}