{"stats":{"minecraft:crafted":{"minecraft:oak_planks":84,"minecraft:smooth_stone":3,"minecraft:stone_shovel":1,"minecraft:barrel":3,"minecraft:blast_furnace":1,"minecraft:stone":4,"minecraft:lever":1,"minecraft:bone_meal":24,"minecraft:oak_trapdoor":2,"minecraft:iron_boots":9,"minecraft:stone_pickaxe":1,"minecraft:chest":2,"minecraft:rail":32,"minecraft:stone_hoe":1,"minecraft:chainmail_leggings":12,"minecraft:oak_slab":18,"minecraft:emerald":68,"minecraft:crafting_table":1,"minecraft:spruce_planks":148,"minecraft:wooden_pickaxe":1,"minecraft:chainmail_chestplate":8,"minecraft:bucket":1,"minecraft:campfire":1,"minecraft:stone_axe":2,"minecraft:air":0,"minecraft:oak_boat":1,"minecraft:iron_chestplate":2,"minecraft:shield":2,"minecraft:stick":32,"minecraft:stone_sword":2,"minecraft:shears":1},"minecraft:broken":{"minecraft:stone_sword":1,"minecraft:stone_axe":2},"minecraft:mined":{"minecraft:spruce_planks":12,"minecraft:white_bed":2,"minecraft:spruce_fence":8,"minecraft:grass_block":8,"minecraft:spruce_leaves":34,"minecraft:large_fern":3,"minecraft:oak_trapdoor":1,"minecraft:furnace":1,"minecraft:iron_ore":5,"minecraft:barrel":5,"minecraft:snow":3,"minecraft:stripped_spruce_log":2,"minecraft:potatoes":17,"minecraft:dirt_path":2,"minecraft:lantern":1,"minecraft:packed_ice":18,"minecraft:stone":55,"minecraft:tripwire":2,"minecraft:brown_mushroom":1,"minecraft:glass_pane":1,"minecraft:red_bed":4,"minecraft:crafting_table":1,"minecraft:short_grass":11,"minecraft:tall_grass":4,"minecraft:oak_planks":14,"minecraft:blue_bed":2,"minecraft:stripped_spruce_wood":17,"minecraft:sweet_berry_bush":25,"minecraft:ice":1,"minecraft:lilac":1,"minecraft:spruce_log":23,"minecraft:white_carpet":3,"minecraft:coal_ore":17,"minecraft:oak_log":21,"minecraft:gravel":1,"minecraft:dirt":14,"minecraft:fern":3},"minecraft:dropped":{"minecraft:wheat_seeds":1,"minecraft:lantern":1,"minecraft:chainmail_leggings":1,"minecraft:chicken":2,"minecraft:oak_planks":1,"minecraft:iron_boots":5,"minecraft:chainmail_chestplate":4,"minecraft:shield":1,"minecraft:iron_chestplate":1},"minecraft:custom":{"minecraft:mob_kills":34,"minecraft:interact_with_crafting_table":33,"minecraft:open_barrel":1,"minecraft:interact_with_campfire":22,"minecraft:leave_game":1,"minecraft:time_since_death":105402,"minecraft:climb_one_cm":1818,"minecraft:sprint_one_cm":308306,"minecraft:walk_one_cm":215201,"minecraft:drop":17,"minecraft:talked_to_villager":32,"minecraft:play_time":105402,"minecraft:sneak_time":12606,"minecraft:walk_under_water_one_cm":6509,"minecraft:boat_one_cm":108,"minecraft:jump":2270,"minecraft:interact_with_blast_furnace":1,"minecraft:walk_on_water_one_cm":30149,"minecraft:total_world_time":105402,"minecraft:interact_with_furnace":6,"minecraft:traded_with_villager":98,"minecraft:sleep_in_bed":6,"minecraft:time_since_rest":3082,"minecraft:damage_taken":1694,"minecraft:damage_dealt":13851,"minecraft:swim_one_cm":11265,"minecraft:fly_one_cm":422307,"minecraft:open_chest":15,"minecraft:crouch_one_cm":38474,"minecraft:fall_one_cm":48601},"minecraft:killed":{"minecraft:spider":2,"minecraft:skeleton":1,"minecraft:chicken":3,"minecraft:pig":11,"minecraft:iron_golem":11,"minecraft:sheep":1,"minecraft:zombie":2,"minecraft:stray":2},"minecraft:picked_up":{"minecraft:crafting_table":1,"minecraft:chicken":5,"minecraft:string":1374,"minecraft:red_bed":4,"minecraft:white_carpet":2,"minecraft:spruce_planks":12,"minecraft:poppy":11,"minecraft:sugar_cane":8,"minecraft:iron_boots":2,"minecraft:furnace":1,"minecraft:tipped_arrow":2,"minecraft:raw_iron":5,"minecraft:stick":2,"minecraft:spruce_fence":6,"minecraft:porkchop":24,"minecraft:arrow":1,"minecraft:mutton":2,"minecraft:snowball":3,"minecraft:white_wool":2,"minecraft:cobblestone":55,"minecraft:feather":2,"minecraft:lilac":1,"minecraft:potato":70,"minecraft:stripped_spruce_wood":17,"minecraft:oak_log":21,"minecraft:dirt":24,"minecraft:blue_bed":2,"minecraft:lantern":3,"minecraft:bone":5,"minecraft:apple":1,"minecraft:wheat_seeds":3,"minecraft:bell":1,"minecraft:iron_ingot":55,"minecraft:cooked_chicken":2,"minecraft:oak_planks":13,"minecraft:cooked_porkchop":21,"minecraft:sweet_berries":62,"minecraft:gravel":1,"minecraft:stripped_spruce_log":2,"minecraft:spruce_sapling":1,"minecraft:white_bed":2,"minecraft:spruce_log":23,"minecraft:barrel":4,"minecraft:emerald":1,"minecraft:baked_potato":4,"minecraft:oak_sapling":2,"minecraft:coal":17},"minecraft:used":{"minecraft:oak_trapdoor":2,"minecraft:stone_sword":157,"minecraft:stone_shovel":20,"minecraft:spruce_planks":123,"minecraft:chest":2,"minecraft:bell":1,"minecraft:stone_hoe":22,"minecraft:cooked_chicken":2,"minecraft:iron_chestplate":1,"minecraft:dirt":15,"minecraft:mutton":2,"minecraft:snowball":3,"minecraft:lantern":1,"minecraft:iron_boots":3,"minecraft:barrel":7,"minecraft:sweet_berries":62,"minecraft:beetroot_seeds":1,"minecraft:potato":20,"minecraft:water_bucket":37,"minecraft:stone_pickaxe":70,"minecraft:baked_potato":2,"minecraft:oak_planks":18,"minecraft:wooden_pickaxe":14,"minecraft:blue_bed":2,"minecraft:crafting_table":2,"minecraft:red_bed":4,"minecraft:blast_furnace":1,"minecraft:campfire":1,"minecraft:white_bed":2,"minecraft:shears":2,"minecraft:spruce_log":1,"minecraft:lever":1,"minecraft:apple":1,"minecraft:chicken":1,"minecraft:string":4,"minecraft:gravel":1,"minecraft:stone_axe":192,"minecraft:cooked_porkchop":15,"minecraft:bucket":38,"minecraft:oak_boat":1,"minecraft:bone_meal":24,"minecraft:chainmail_leggings":1}},"DataVersion":3953}