{"stats":{"minecraft:used":{"minecraft:nether_brick_fence":1,"minecraft:iron_shovel":1775,"minecraft:spruce_slab":10,"minecraft:shield":24,"minecraft:chest":45,"minecraft:iron_sword":214,"minecraft:nether_wart":13,"minecraft:bell":1,"minecraft:iron_chestplate":3,"minecraft:soul_sand":10,"minecraft:mutton":3,"minecraft:nether_bricks":9,"minecraft:carrot":131,"minecraft:snowball":162,"minecraft:obsidian":5,"minecraft:spruce_boat":19,"minecraft:lava_bucket":8,"minecraft:lantern":3,"minecraft:crimson_roots":7,"minecraft:bow":11,"minecraft:warped_fungus":1,"minecraft:sweet_berries":248,"minecraft:furnace":10,"minecraft:beetroot_seeds":1,"minecraft:egg":1,"minecraft:potato":23,"minecraft:end_stone_bricks":2,"minecraft:diamond_boots":2,"minecraft:wither_skeleton_skull":1,"minecraft:spruce_door":1,"minecraft:chorus_fruit":8,"minecraft:stone_pickaxe":110,"minecraft:oak_planks":20,"minecraft:blackstone":12,"minecraft:ender_pearl":27,"minecraft:wooden_pickaxe":14,"minecraft:composter":7,"minecraft:blue_bed":16,"minecraft:sugar_cane":2,"minecraft:cookie":65,"minecraft:white_wool":3,"minecraft:purpur_stairs":6,"minecraft:blast_furnace":2,"minecraft:crossbow":11,"minecraft:end_stone":84,"minecraft:shears":3,"minecraft:lever":1,"minecraft:crying_obsidian":1,"minecraft:bread":55,"minecraft:string":14,"minecraft:gravel":6,"minecraft:golden_helmet":5,"minecraft:nether_wart_block":3,"minecraft:diamond_sword":444,"minecraft:air":1,"minecraft:oak_boat":11,"minecraft:bone_meal":47,"minecraft:oak_trapdoor":2,"minecraft:stone_sword":264,"minecraft:flint_and_steel":1,"minecraft:stone_shovel":213,"minecraft:spruce_planks":219,"minecraft:stone_hoe":160,"minecraft:cooked_chicken":2,"minecraft:netherrack":238,"minecraft:torch":91,"minecraft:brewing_stand":1,"minecraft:dirt":1260,"minecraft:spruce_stairs":52,"minecraft:shulker_box":2,"minecraft:diamond_helmet":4,"minecraft:bookshelf":1,"minecraft:iron_axe":332,"minecraft:spruce_button":11,"minecraft:polished_blackstone_brick_stairs":1,"minecraft:iron_boots":5,"minecraft:crimson_planks":210,"minecraft:barrel":15,"minecraft:diamond_chestplate":1,"minecraft:basalt":33,"minecraft:golden_carrot":55,"minecraft:beef":2,"minecraft:emerald_block":7,"minecraft:minecart":2,"minecraft:cobbled_deepslate":129,"minecraft:water_bucket":140,"minecraft:glass_bottle":22,"minecraft:baked_potato":23,"minecraft:brown_mushroom":6,"minecraft:spruce_sign":5,"minecraft:polished_blackstone_bricks":38,"minecraft:gilded_blackstone":2,"minecraft:rail":85,"minecraft:oak_slab":28,"minecraft:crafting_table":10,"minecraft:red_bed":8,"minecraft:red_mushroom":1,"minecraft:white_bed":12,"minecraft:campfire":1,"minecraft:spruce_log":24,"minecraft:smoker":2,"minecraft:diamond_pickaxe":610,"minecraft:apple":1,"minecraft:cracked_polished_blackstone_bricks":68,"minecraft:chicken":1,"minecraft:iron_pickaxe":726,"minecraft:spruce_trapdoor":15,"minecraft:spruce_sapling":4,"minecraft:golden_leggings":1,"minecraft:stone_axe":216,"minecraft:cobblestone":16,"minecraft:potion":1,"minecraft:porkchop":2,"minecraft:cooked_porkchop":19,"minecraft:bucket":150,"minecraft:diamond_leggings":4,"minecraft:splash_potion":4,"minecraft:chainmail_leggings":3},"minecraft:picked_up":{"minecraft:shulker_shell":1,"minecraft:iron_chestplate":1,"minecraft:nether_brick_fence":3,"minecraft:lead":3,"minecraft:diamond_sword":1,"minecraft:potion":2,"minecraft:enchanted_book":4,"minecraft:nether_brick":5,"minecraft:crimson_planks":86,"minecraft:polished_blackstone_brick_stairs":4,"minecraft:string":3044,"minecraft:diamond_leggings":2,"minecraft:gold_nugget":266,"minecraft:cobbled_deepslate":130,"minecraft:spruce_planks":82,"minecraft:iron_pickaxe":2,"minecraft:iron_boots":7,"minecraft:furnace":7,"minecraft:tipped_arrow":8,"minecraft:stick":10,"minecraft:composter":6,"minecraft:torch":27,"minecraft:spruce_stairs":17,"minecraft:porkchop":36,"minecraft:rotten_flesh":9,"minecraft:end_rod":2,"minecraft:blaze_rod":15,"minecraft:obsidian":14,"minecraft:iron_bars":1,"minecraft:snowball":218,"minecraft:cobblestone":261,"minecraft:iron_door":10,"minecraft:feather":2,"minecraft:lilac":1,"minecraft:magma_cream":1,"minecraft:golden_leggings":2,"minecraft:smoker":1,"minecraft:potato":165,"minecraft:flint":1,"minecraft:stripped_spruce_wood":36,"minecraft:wither_skeleton_skull":1,"minecraft:dirt":2239,"minecraft:lantern":4,"minecraft:bone":23,"minecraft:bow":5,"minecraft:wheat_seeds":4,"minecraft:bell":1,"minecraft:mossy_stone_bricks":14,"minecraft:glowstone_dust":39,"minecraft:diamond_helmet":2,"minecraft:oak_planks":22,"minecraft:cooked_porkchop":21,"minecraft:poisonous_potato":2,"minecraft:sand":34,"minecraft:stripped_spruce_log":9,"minecraft:grass_block":1,"minecraft:shulker_box":3,"minecraft:spectral_arrow":11,"minecraft:barrel":10,"minecraft:spruce_boat":17,"minecraft:cracked_polished_blackstone_bricks":70,"minecraft:crossbow":2,"minecraft:spruce_button":5,"minecraft:spruce_sign":1,"minecraft:emerald":2,"minecraft:bread":48,"minecraft:oak_sapling":2,"minecraft:chorus_fruit":14,"minecraft:netherrack":270,"minecraft:crimson_roots":14,"minecraft:end_stone_bricks":2,"minecraft:crafting_table":6,"minecraft:nether_wart":33,"minecraft:splash_potion":1,"minecraft:chicken":5,"minecraft:ladder":2,"minecraft:brown_mushroom":9,"minecraft:gold_block":14,"minecraft:shield":15,"minecraft:red_bed":7,"minecraft:iron_axe":2,"minecraft:white_carpet":2,"minecraft:blackstone":14,"minecraft:cracked_stone_bricks":9,"minecraft:beef":6,"minecraft:oak_boat":11,"minecraft:iron_nugget":5,"minecraft:poppy":24,"minecraft:spruce_slab":5,"minecraft:minecart":4,"minecraft:sugar_cane":15,"minecraft:chest":19,"minecraft:spruce_trapdoor":1,"minecraft:egg":1,"minecraft:raw_iron":5,"minecraft:end_stone":102,"minecraft:stone":51,"minecraft:spruce_fence":6,"minecraft:fire_charge":2,"minecraft:polished_blackstone_bricks":38,"minecraft:cookie":108,"minecraft:carrot":288,"minecraft:arrow":16,"minecraft:weeping_vines":3,"minecraft:diamond_chestplate":1,"minecraft:nether_bricks":9,"minecraft:diamond_boots":1,"minecraft:purpur_slab":1,"minecraft:gold_ingot":7,"minecraft:mutton":3,"minecraft:rail":38,"minecraft:white_wool":6,"minecraft:basalt":33,"minecraft:glow_ink_sac":5,"minecraft:golden_carrot":40,"minecraft:crimson_stem":45,"minecraft:leather":5,"minecraft:red_mushroom":18,"minecraft:crimson_fungus":4,"minecraft:purpur_stairs":6,"minecraft:oak_log":21,"minecraft:chainmail_chestplate":3,"minecraft:nether_wart_block":3,"minecraft:gunpowder":3,"minecraft:blue_bed":13,"minecraft:stone_bricks":21,"minecraft:apple":23,"minecraft:iron_ingot":92,"minecraft:cooked_chicken":2,"minecraft:soul_sand":17,"minecraft:iron_sword":1,"minecraft:book":9,"minecraft:oak_slab":12,"minecraft:warped_fungus":3,"minecraft:emerald_block":7,"minecraft:sweet_berries":416,"minecraft:stone_brick_slab":2,"minecraft:quartz":69,"minecraft:gravel":55,"minecraft:spruce_sapling":7,"minecraft:blast_furnace":1,"minecraft:white_bed":6,"minecraft:spruce_log":231,"minecraft:dragon_egg":1,"minecraft:crying_obsidian":10,"minecraft:spider_eye":3,"minecraft:diamond_shovel":1,"minecraft:chainmail_leggings":11,"minecraft:diamond_axe":1,"minecraft:baked_potato":25,"minecraft:warped_nylium":1,"minecraft:coal":20,"minecraft:ender_pearl":34},"minecraft:broken":{"minecraft:iron_shovel":7,"minecraft:stone_axe":2,"minecraft:stone_shovel":2,"minecraft:stone_sword":2,"minecraft:iron_axe":1,"minecraft:iron_pickaxe":2},"minecraft:mined":{"minecraft:spruce_planks":31,"minecraft:white_bed":6,"minecraft:farmland":4,"minecraft:obsidian":14,"minecraft:spruce_trapdoor":1,"minecraft:granite":18,"minecraft:chiseled_polished_blackstone":1,"minecraft:grass_block":771,"minecraft:cracked_polished_blackstone_bricks":36,"minecraft:purpur_slab":1,"minecraft:composter":6,"minecraft:crimson_fungus":3,"minecraft:nether_wart":27,"minecraft:spawner":1,"minecraft:polished_blackstone_bricks":50,"minecraft:weeping_vines_plant":5,"minecraft:glowstone":11,"minecraft:cobbled_deepslate":1,"minecraft:iron_ore":5,"minecraft:fire":63,"minecraft:barrel":11,"minecraft:dirt_path":51,"minecraft:iron_bars":1,"minecraft:end_stone_bricks":3,"minecraft:spruce_slab":5,"minecraft:tripwire":6,"minecraft:brown_mushroom":10,"minecraft:red_bed":7,"minecraft:blackstone":7,"minecraft:smoker":1,"minecraft:crimson_nylium":6,"minecraft:purpur_stairs":6,"minecraft:torch":5,"minecraft:calcite":3,"minecraft:blast_furnace":1,"minecraft:poppy":1,"minecraft:chest":18,"minecraft:spruce_wall_sign":1,"minecraft:nether_quartz_ore":68,"minecraft:cobblestone":10,"minecraft:sugar_cane":5,"minecraft:oak_planks":23,"minecraft:iron_door":9,"minecraft:wall_torch":11,"minecraft:amethyst_block":2,"minecraft:nether_wart_block":3,"minecraft:lilac":1,"minecraft:warped_fungus":2,"minecraft:smooth_stone_slab":2,"minecraft:oak_log":21,"minecraft:sand":35,"minecraft:dirt":771,"minecraft:crimson_planks":27,"minecraft:netherrack":288,"minecraft:deepslate":169,"minecraft:emerald_block":7,"minecraft:nether_gold_ore":61,"minecraft:tuff":43,"minecraft:shulker_box":2,"minecraft:end_stone":106,"minecraft:ladder":1,"minecraft:nether_bricks":9,"minecraft:spruce_fence":8,"minecraft:crimson_roots":14,"minecraft:spruce_leaves":83,"minecraft:red_mushroom":17,"minecraft:crimson_stem":44,"minecraft:large_fern":3,"minecraft:oak_trapdoor":1,"minecraft:furnace":7,"minecraft:carrots":71,"minecraft:nether_sprouts":2,"minecraft:snow":102,"minecraft:andesite":14,"minecraft:stripped_spruce_log":10,"minecraft:gold_block":15,"minecraft:nether_brick_fence":3,"minecraft:bookshelf":1,"minecraft:potatoes":45,"minecraft:rail":30,"minecraft:lantern":2,"minecraft:packed_ice":18,"minecraft:chorus_plant":1,"minecraft:stone":268,"minecraft:white_wool":3,"minecraft:oak_slab":13,"minecraft:glass_pane":1,"minecraft:soul_sand":10,"minecraft:infested_stone_bricks":2,"minecraft:snow_block":1,"minecraft:basalt":37,"minecraft:stone_brick_slab":2,"minecraft:crafting_table":6,"minecraft:short_grass":28,"minecraft:spruce_button":1,"minecraft:tall_grass":11,"minecraft:deepslate_gold_ore":1,"minecraft:polished_blackstone_brick_stairs":5,"minecraft:diorite":17,"minecraft:blue_bed":14,"minecraft:spruce_stairs":17,"minecraft:stripped_spruce_wood":36,"minecraft:sweet_berry_bush":46,"minecraft:ice":20,"minecraft:white_carpet":3,"minecraft:spruce_log":130,"minecraft:coal_ore":17,"minecraft:end_rod":3,"minecraft:gravel":4,"minecraft:cobweb":7,"minecraft:cracked_stone_bricks":16,"minecraft:stone_bricks":33,"minecraft:mossy_stone_bricks":22,"minecraft:fern":3},"minecraft:dropped":{"minecraft:spruce_sign":2,"minecraft:iron_sword":2,"minecraft:diamond_axe":1,"minecraft:warped_fungus":1,"minecraft:chorus_fruit":3,"minecraft:ender_pearl":5,"minecraft:crossbow":2,"minecraft:weeping_vines":1,"minecraft:cookie":29,"minecraft:lantern":1,"minecraft:dirt":86,"minecraft:cracked_polished_blackstone_bricks":2,"minecraft:crimson_roots":7,"minecraft:snowball":152,"minecraft:gold_nugget":5,"minecraft:bone_meal":1,"minecraft:iron_pickaxe":2,"minecraft:gold_ingot":20,"minecraft:gravel":22,"minecraft:rotten_flesh":9,"minecraft:oak_planks":1,"minecraft:diamond_shovel":1,"minecraft:carrot":148,"minecraft:chainmail_chestplate":4,"minecraft:shulker_shell":1,"minecraft:poppy":19,"minecraft:chest":1,"minecraft:arrow":7,"minecraft:splash_potion":3,"minecraft:netherrack":5,"minecraft:iron_ingot":11,"minecraft:wheat_seeds":2,"minecraft:golden_helmet":2,"minecraft:minecart":1,"minecraft:diamond_leggings":1,"minecraft:purpur_slab":1,"minecraft:spectral_arrow":11,"minecraft:stick":1,"minecraft:golden_carrot":12,"minecraft:diamond_helmet":1,"minecraft:iron_axe":2,"minecraft:chainmail_leggings":4,"minecraft:string":3,"minecraft:sweet_berries":3,"minecraft:chicken":2,"minecraft:iron_boots":8,"minecraft:potato":56,"minecraft:shield":8,"minecraft:diamond_chestplate":1,"minecraft:spruce_planks":35,"minecraft:iron_chestplate":1,"minecraft:golden_leggings":2,"minecraft:diamond_boots":1,"minecraft:bow":1,"minecraft:magma_cream":1},"minecraft:killed_by":{"minecraft:piglin_brute":1,"minecraft:zombie":3},"minecraft:custom":{"minecraft:interact_with_crafting_table":147,"minecraft:open_barrel":22,"minecraft:open_shulker_box":3,"minecraft:leave_game":6,"minecraft:time_since_death":395015,"minecraft:sprint_one_cm":2947023,"minecraft:damage_blocked_by_shield":815,"minecraft:drop":182,"minecraft:talked_to_villager":235,"minecraft:play_time":877379,"minecraft:deaths":7,"minecraft:jump":18494,"minecraft:interact_with_brewingstand":59,"minecraft:walk_on_water_one_cm":97523,"minecraft:interact_with_furnace":29,"minecraft:traded_with_villager":408,"minecraft:sleep_in_bed":34,"minecraft:damage_dealt":67954,"minecraft:crouch_one_cm":329276,"minecraft:interact_with_smoker":5,"minecraft:interact_with_anvil":17,"minecraft:mob_kills":231,"minecraft:interact_with_campfire":34,"minecraft:climb_one_cm":13598,"minecraft:walk_one_cm":1744975,"minecraft:sneak_time":91304,"minecraft:walk_under_water_one_cm":37725,"minecraft:boat_one_cm":43236,"minecraft:interact_with_blast_furnace":3,"minecraft:total_world_time":877379,"minecraft:interact_with_grindstone":2,"minecraft:time_since_rest":12132,"minecraft:damage_taken":9741,"minecraft:swim_one_cm":29827,"minecraft:fly_one_cm":4445325,"minecraft:open_chest":592,"minecraft:fall_one_cm":430528},"minecraft:killed":{"minecraft:spider":10,"minecraft:shulker":3,"minecraft:skeleton":4,"minecraft:chicken":4,"minecraft:silverfish":1,"minecraft:piglin_brute":10,"minecraft:magma_cube":17,"minecraft:piglin":5,"minecraft:pig":11,"minecraft:iron_golem":17,"minecraft:ender_dragon":1,"minecraft:creeper":6,"minecraft:sheep":2,"minecraft:zombie":12,"minecraft:stray":14,"minecraft:blaze":25,"minecraft:cow":3,"minecraft:hoglin":2,"minecraft:wither_skeleton":6,"minecraft:villager":2,"minecraft:enderman":68},"minecraft:crafted":{"minecraft:oak_planks":84,"minecraft:smooth_stone":3,"minecraft:barrel":4,"minecraft:blaze_powder":6,"minecraft:stone":4,"minecraft:lever":1,"minecraft:bookshelf":1,"minecraft:glass":24,"minecraft:hopper":1,"minecraft:bow":1,"minecraft:diamond_helmet":1,"minecraft:diamond_leggings":1,"minecraft:iron_boots":9,"minecraft:chest":30,"minecraft:rail":48,"minecraft:stone_hoe":2,"minecraft:smoker":1,"minecraft:glass_bottle":21,"minecraft:oak_slab":18,"minecraft:emerald":349,"minecraft:crafting_table":7,"minecraft:spruce_planks":608,"minecraft:wooden_pickaxe":1,"minecraft:spruce_door":3,"minecraft:chainmail_chestplate":8,"minecraft:brewing_stand":1,"minecraft:campfire":1,"minecraft:spruce_trapdoor":20,"minecraft:iron_chestplate":2,"minecraft:diamond_pickaxe":1,"minecraft:shield":9,"minecraft:stick":60,"minecraft:iron_pickaxe":3,"minecraft:stone_sword":2,"minecraft:gold_ingot":26,"minecraft:composter":1,"minecraft:shears":1,"minecraft:golden_carrot":27,"minecraft:stone_shovel":1,"minecraft:spruce_button":8,"minecraft:furnace":2,"minecraft:blast_furnace":1,"minecraft:bone_meal":57,"minecraft:oak_trapdoor":2,"minecraft:flint_and_steel":1,"minecraft:spruce_stairs":8,"minecraft:iron_axe":2,"minecraft:spruce_slab":18,"minecraft:stone_pickaxe":1,"minecraft:diamond_boots":1,"minecraft:spruce_boat":4,"minecraft:golden_helmet":2,"minecraft:chainmail_leggings":12,"minecraft:minecart":1,"minecraft:glistering_melon_slice":3,"minecraft:sugar":5,"minecraft:crimson_planks":140,"minecraft:crossbow":1,"minecraft:spruce_sign":6,"minecraft:iron_sword":2,"minecraft:bucket":2,"minecraft:stone_axe":3,"minecraft:enchanted_book":7,"minecraft:air":0,"minecraft:oak_boat":1,"minecraft:white_wool":15,"minecraft:fermented_spider_eye":3,"minecraft:iron_shovel":8,"minecraft:white_bed":5,"minecraft:torch":64,"minecraft:diamond_chestplate":1}},"DataVersion":3953}