{"stats":{"minecraft:broken":{"minecraft:iron_shovel":4,"minecraft:stone_sword":2,"minecraft:stone_axe":2,"minecraft:stone_shovel":1},"minecraft:mined":{"minecraft:spruce_planks":17,"minecraft:white_bed":4,"minecraft:farmland":4,"minecraft:spruce_trapdoor":1,"minecraft:ladder":1,"minecraft:grass_block":574,"minecraft:spruce_fence":8,"minecraft:spruce_leaves":51,"minecraft:composter":6,"minecraft:large_fern":3,"minecraft:oak_trapdoor":1,"minecraft:furnace":7,"minecraft:carrots":25,"minecraft:iron_ore":5,"minecraft:barrel":8,"minecraft:snow":53,"minecraft:stripped_spruce_log":2,"minecraft:potatoes":28,"minecraft:dirt_path":43,"minecraft:rail":30,"minecraft:lantern":2,"minecraft:packed_ice":18,"minecraft:stone":177,"minecraft:spruce_slab":5,"minecraft:tripwire":5,"minecraft:oak_slab":11,"minecraft:brown_mushroom":1,"minecraft:glass_pane":1,"minecraft:red_bed":6,"minecraft:smoker":1,"minecraft:snow_block":1,"minecraft:crafting_table":3,"minecraft:torch":5,"minecraft:short_grass":12,"minecraft:blast_furnace":1,"minecraft:poppy":1,"minecraft:chest":15,"minecraft:tall_grass":4,"minecraft:cobblestone":4,"minecraft:oak_planks":19,"minecraft:blue_bed":7,"minecraft:wall_torch":9,"minecraft:spruce_stairs":6,"minecraft:stripped_spruce_wood":35,"minecraft:sweet_berry_bush":35,"minecraft:ice":16,"minecraft:lilac":1,"minecraft:white_carpet":3,"minecraft:spruce_log":72,"minecraft:oak_log":21,"minecraft:coal_ore":17,"minecraft:gravel":1,"minecraft:dirt":604,"minecraft:emerald_block":2,"minecraft:fern":3},"minecraft:custom":{"minecraft:mob_kills":42,"minecraft:interact_with_crafting_table":67,"minecraft:open_barrel":5,"minecraft:interact_with_campfire":34,"minecraft:leave_game":3,"minecraft:time_since_death":254180,"minecraft:climb_one_cm":3299,"minecraft:sprint_one_cm":643015,"minecraft:walk_one_cm":635196,"minecraft:damage_blocked_by_shield":89,"minecraft:drop":31,"minecraft:talked_to_villager":76,"minecraft:play_time":254180,"minecraft:sneak_time":30512,"minecraft:walk_under_water_one_cm":7031,"minecraft:boat_one_cm":2142,"minecraft:jump":4327,"minecraft:interact_with_blast_furnace":3,"minecraft:walk_on_water_one_cm":71412,"minecraft:total_world_time":254180,"minecraft:interact_with_furnace":14,"minecraft:traded_with_villager":173,"minecraft:sleep_in_bed":16,"minecraft:time_since_rest":17900,"minecraft:damage_taken":2079,"minecraft:damage_dealt":20220,"minecraft:swim_one_cm":12065,"minecraft:fly_one_cm":735320,"minecraft:open_chest":106,"minecraft:crouch_one_cm":109926,"minecraft:interact_with_smoker":1,"minecraft:fall_one_cm":86984},"minecraft:used":{"minecraft:oak_trapdoor":2,"minecraft:stone_sword":264,"minecraft:iron_shovel":1107,"minecraft:spruce_slab":3,"minecraft:stone_shovel":133,"minecraft:chest":40,"minecraft:spruce_planks":158,"minecraft:shield":1,"minecraft:bell":1,"minecraft:stone_hoe":160,"minecraft:cooked_chicken":2,"minecraft:iron_chestplate":1,"minecraft:torch":67,"minecraft:dirt":572,"minecraft:mutton":3,"minecraft:spruce_stairs":31,"minecraft:carrot":59,"minecraft:snowball":12,"minecraft:lantern":3,"minecraft:iron_axe":115,"minecraft:spruce_button":4,"minecraft:iron_boots":3,"minecraft:barrel":11,"minecraft:emerald_block":2,"minecraft:sweet_berries":86,"minecraft:furnace":10,"minecraft:minecart":2,"minecraft:beetroot_seeds":1,"minecraft:potato":20,"minecraft:water_bucket":46,"minecraft:diamond_boots":1,"minecraft:spruce_door":1,"minecraft:stone_pickaxe":110,"minecraft:baked_potato":19,"minecraft:oak_planks":20,"minecraft:wooden_pickaxe":14,"minecraft:composter":7,"minecraft:blue_bed":7,"minecraft:rail":84,"minecraft:oak_slab":23,"minecraft:crafting_table":5,"minecraft:red_bed":6,"minecraft:blast_furnace":2,"minecraft:white_bed":7,"minecraft:campfire":1,"minecraft:smoker":2,"minecraft:spruce_log":1,"minecraft:shears":3,"minecraft:lever":1,"minecraft:apple":1,"minecraft:chicken":1,"minecraft:iron_pickaxe":127,"minecraft:string":10,"minecraft:spruce_trapdoor":8,"minecraft:spruce_sapling":3,"minecraft:gravel":1,"minecraft:stone_axe":208,"minecraft:cobblestone":4,"minecraft:cooked_porkchop":19,"minecraft:bucket":46,"minecraft:oak_boat":9,"minecraft:diamond_leggings":1,"minecraft:bone_meal":24,"minecraft:chainmail_leggings":1},"minecraft:dropped":{"minecraft:wheat_seeds":1,"minecraft:minecart":1,"minecraft:lantern":1,"minecraft:stick":1,"minecraft:chainmail_leggings":3,"minecraft:chicken":2,"minecraft:oak_planks":1,"minecraft:iron_boots":8,"minecraft:chainmail_chestplate":4,"minecraft:shield":7,"minecraft:spruce_planks":14,"minecraft:iron_chestplate":1},"minecraft:crafted":{"minecraft:oak_planks":84,"minecraft:smooth_stone":3,"minecraft:stone_shovel":1,"minecraft:barrel":4,"minecraft:spruce_button":1,"minecraft:furnace":2,"minecraft:blast_furnace":1,"minecraft:stone":4,"minecraft:bone_meal":24,"minecraft:lever":1,"minecraft:oak_trapdoor":2,"minecraft:diamond_helmet":1,"minecraft:diamond_leggings":1,"minecraft:iron_boots":9,"minecraft:iron_axe":1,"minecraft:spruce_slab":12,"minecraft:stone_pickaxe":1,"minecraft:chest":26,"minecraft:diamond_boots":1,"minecraft:rail":48,"minecraft:stone_hoe":2,"minecraft:chainmail_leggings":12,"minecraft:smoker":1,"minecraft:minecart":1,"minecraft:oak_slab":18,"minecraft:emerald":132,"minecraft:crafting_table":2,"minecraft:spruce_planks":404,"minecraft:wooden_pickaxe":1,"minecraft:spruce_door":3,"minecraft:chainmail_chestplate":8,"minecraft:bucket":1,"minecraft:campfire":1,"minecraft:stone_axe":3,"minecraft:air":0,"minecraft:oak_boat":1,"minecraft:spruce_trapdoor":8,"minecraft:white_wool":9,"minecraft:iron_chestplate":2,"minecraft:shield":9,"minecraft:stick":48,"minecraft:iron_pickaxe":1,"minecraft:stone_sword":2,"minecraft:iron_shovel":5,"minecraft:white_bed":3,"minecraft:composter":1,"minecraft:torch":56,"minecraft:shears":1,"minecraft:diamond_chestplate":1},"minecraft:picked_up":{"minecraft:iron_chestplate":1,"minecraft:crafting_table":3,"minecraft:ladder":1,"minecraft:chicken":5,"minecraft:shield":13,"minecraft:string":3026,"minecraft:red_bed":6,"minecraft:white_carpet":2,"minecraft:spruce_planks":32,"minecraft:oak_boat":8,"minecraft:poppy":22,"minecraft:spruce_slab":5,"minecraft:minecart":3,"minecraft:sugar_cane":8,"minecraft:chest":15,"minecraft:spruce_trapdoor":1,"minecraft:iron_boots":7,"minecraft:furnace":7,"minecraft:tipped_arrow":2,"minecraft:stick":4,"minecraft:raw_iron":5,"minecraft:stone":51,"minecraft:composter":6,"minecraft:spruce_stairs":6,"minecraft:torch":17,"minecraft:spruce_fence":6,"minecraft:porkchop":24,"minecraft:carrot":59,"minecraft:arrow":1,"minecraft:mutton":3,"minecraft:rail":36,"minecraft:snowball":76,"minecraft:white_wool":3,"minecraft:cobblestone":236,"minecraft:feather":2,"minecraft:lilac":1,"minecraft:smoker":1,"minecraft:potato":106,"minecraft:stripped_spruce_wood":35,"minecraft:oak_log":21,"minecraft:chainmail_chestplate":3,"minecraft:dirt":1877,"minecraft:blue_bed":7,"minecraft:lantern":4,"minecraft:bone":5,"minecraft:apple":1,"minecraft:wheat_seeds":3,"minecraft:bell":1,"minecraft:iron_ingot":88,"minecraft:cooked_chicken":2,"minecraft:oak_planks":18,"minecraft:oak_slab":11,"minecraft:emerald_block":2,"minecraft:cooked_porkchop":21,"minecraft:sweet_berries":86,"minecraft:gravel":1,"minecraft:stripped_spruce_log":2,"minecraft:spruce_sapling":4,"minecraft:blast_furnace":1,"minecraft:white_bed":4,"minecraft:spruce_log":72,"minecraft:barrel":7,"minecraft:chainmail_leggings":11,"minecraft:spruce_button":4,"minecraft:emerald":2,"minecraft:baked_potato":25,"minecraft:oak_sapling":2,"minecraft:coal":17},"minecraft:killed":{"minecraft:spider":3,"minecraft:skeleton":1,"minecraft:chicken":3,"minecraft:pig":11,"minecraft:iron_golem":16,"minecraft:sheep":2,"minecraft:zombie":2,"minecraft:stray":2,"minecraft:villager":1}},"DataVersion":3953}