{"stats":{"minecraft:crafted":{"minecraft:oak_planks":84,"minecraft:smooth_stone":3,"minecraft:stone_shovel":1,"minecraft:barrel":3,"minecraft:blast_furnace":1,"minecraft:stone":4,"minecraft:bone_meal":24,"minecraft:lever":1,"minecraft:oak_trapdoor":2,"minecraft:diamond_helmet":1,"minecraft:diamond_leggings":1,"minecraft:iron_boots":9,"minecraft:stone_pickaxe":1,"minecraft:chest":4,"minecraft:diamond_boots":1,"minecraft:rail":32,"minecraft:stone_hoe":1,"minecraft:chainmail_leggings":12,"minecraft:oak_slab":18,"minecraft:emerald":132,"minecraft:crafting_table":1,"minecraft:spruce_planks":148,"minecraft:wooden_pickaxe":1,"minecraft:chainmail_chestplate":8,"minecraft:bucket":1,"minecraft:campfire":1,"minecraft:stone_axe":2,"minecraft:air":0,"minecraft:oak_boat":1,"minecraft:iron_chestplate":2,"minecraft:shield":9,"minecraft:stick":32,"minecraft:stone_sword":2,"minecraft:iron_shovel":1,"minecraft:shears":1,"minecraft:diamond_chestplate":1},"minecraft:broken":{"minecraft:stone_sword":1,"minecraft:stone_axe":2},"minecraft:mined":{"minecraft:spruce_planks":12,"minecraft:white_bed":2,"minecraft:grass_block":98,"minecraft:spruce_fence":8,"minecraft:spruce_leaves":34,"minecraft:large_fern":3,"minecraft:oak_trapdoor":1,"minecraft:furnace":1,"minecraft:iron_ore":5,"minecraft:barrel":5,"minecraft:snow":14,"minecraft:stripped_spruce_log":2,"minecraft:potatoes":17,"minecraft:dirt_path":2,"minecraft:lantern":1,"minecraft:packed_ice":18,"minecraft:stone":55,"minecraft:tripwire":4,"minecraft:brown_mushroom":1,"minecraft:glass_pane":1,"minecraft:red_bed":4,"minecraft:crafting_table":1,"minecraft:short_grass":11,"minecraft:chest":1,"minecraft:tall_grass":4,"minecraft:oak_planks":14,"minecraft:blue_bed":2,"minecraft:stripped_spruce_wood":17,"minecraft:sweet_berry_bush":25,"minecraft:ice":5,"minecraft:lilac":1,"minecraft:white_carpet":3,"minecraft:spruce_log":23,"minecraft:oak_log":21,"minecraft:coal_ore":17,"minecraft:gravel":1,"minecraft:dirt":36,"minecraft:fern":3},"minecraft:dropped":{"minecraft:wheat_seeds":1,"minecraft:lantern":1,"minecraft:chainmail_leggings":3,"minecraft:chicken":2,"minecraft:oak_planks":1,"minecraft:iron_boots":8,"minecraft:chainmail_chestplate":4,"minecraft:shield":7,"minecraft:spruce_planks":14,"minecraft:iron_chestplate":1},"minecraft:custom":{"minecraft:mob_kills":35,"minecraft:interact_with_crafting_table":35,"minecraft:open_barrel":1,"minecraft:interact_with_campfire":22,"minecraft:leave_game":2,"minecraft:time_since_death":129066,"minecraft:climb_one_cm":1818,"minecraft:sprint_one_cm":335998,"minecraft:walk_one_cm":249512,"minecraft:drop":29,"minecraft:talked_to_villager":59,"minecraft:play_time":129066,"minecraft:sneak_time":14805,"minecraft:walk_under_water_one_cm":6847,"minecraft:boat_one_cm":108,"minecraft:jump":2533,"minecraft:interact_with_blast_furnace":1,"minecraft:walk_on_water_one_cm":49760,"minecraft:total_world_time":129066,"minecraft:interact_with_furnace":6,"minecraft:traded_with_villager":173,"minecraft:sleep_in_bed":8,"minecraft:time_since_rest":10442,"minecraft:damage_taken":1783,"minecraft:damage_dealt":14851,"minecraft:swim_one_cm":12065,"minecraft:fly_one_cm":452031,"minecraft:open_chest":23,"minecraft:crouch_one_cm":47322,"minecraft:fall_one_cm":53511},"minecraft:killed":{"minecraft:spider":2,"minecraft:skeleton":1,"minecraft:chicken":3,"minecraft:pig":11,"minecraft:iron_golem":12,"minecraft:sheep":1,"minecraft:zombie":2,"minecraft:stray":2},"minecraft:picked_up":{"minecraft:crafting_table":1,"minecraft:chicken":5,"minecraft:shield":6,"minecraft:string":3025,"minecraft:red_bed":4,"minecraft:white_carpet":2,"minecraft:spruce_planks":26,"minecraft:poppy":13,"minecraft:sugar_cane":8,"minecraft:chest":1,"minecraft:iron_boots":2,"minecraft:furnace":1,"minecraft:tipped_arrow":2,"minecraft:stick":2,"minecraft:raw_iron":5,"minecraft:spruce_fence":6,"minecraft:porkchop":24,"minecraft:arrow":1,"minecraft:mutton":2,"minecraft:snowball":14,"minecraft:white_wool":2,"minecraft:cobblestone":55,"minecraft:feather":2,"minecraft:lilac":1,"minecraft:potato":70,"minecraft:stripped_spruce_wood":17,"minecraft:oak_log":21,"minecraft:blue_bed":2,"minecraft:dirt":135,"minecraft:lantern":3,"minecraft:bone":5,"minecraft:apple":1,"minecraft:wheat_seeds":3,"minecraft:bell":1,"minecraft:iron_ingot":58,"minecraft:cooked_chicken":2,"minecraft:oak_planks":13,"minecraft:cooked_porkchop":21,"minecraft:sweet_berries":62,"minecraft:gravel":1,"minecraft:stripped_spruce_log":2,"minecraft:spruce_sapling":1,"minecraft:white_bed":2,"minecraft:spruce_log":23,"minecraft:barrel":4,"minecraft:emerald":2,"minecraft:baked_potato":4,"minecraft:oak_sapling":2,"minecraft:coal":17},"minecraft:used":{"minecraft:oak_trapdoor":2,"minecraft:stone_sword":173,"minecraft:iron_shovel":121,"minecraft:stone_shovel":20,"minecraft:chest":5,"minecraft:spruce_planks":123,"minecraft:bell":1,"minecraft:stone_hoe":22,"minecraft:cooked_chicken":2,"minecraft:iron_chestplate":1,"minecraft:dirt":71,"minecraft:mutton":2,"minecraft:snowball":5,"minecraft:lantern":1,"minecraft:iron_boots":3,"minecraft:barrel":7,"minecraft:sweet_berries":62,"minecraft:beetroot_seeds":1,"minecraft:potato":20,"minecraft:water_bucket":37,"minecraft:diamond_boots":1,"minecraft:stone_pickaxe":70,"minecraft:baked_potato":4,"minecraft:oak_planks":18,"minecraft:wooden_pickaxe":14,"minecraft:blue_bed":2,"minecraft:crafting_table":2,"minecraft:red_bed":4,"minecraft:blast_furnace":1,"minecraft:white_bed":2,"minecraft:campfire":1,"minecraft:shears":3,"minecraft:spruce_log":1,"minecraft:lever":1,"minecraft:apple":1,"minecraft:chicken":1,"minecraft:string":9,"minecraft:gravel":1,"minecraft:stone_axe":192,"minecraft:cooked_porkchop":16,"minecraft:bucket":38,"minecraft:oak_boat":1,"minecraft:diamond_leggings":1,"minecraft:bone_meal":24,"minecraft:chainmail_leggings":1}},"DataVersion":3953}