{"stats":{"minecraft:used":{"minecraft:nether_brick_fence":1,"minecraft:iron_shovel":1775,"minecraft:shield":49,"minecraft:elytra":2,"minecraft:spruce_slab":10,"minecraft:ladder":57,"minecraft:chest":69,"minecraft:iron_sword":278,"minecraft:nether_wart":13,"minecraft:bell":1,"minecraft:mossy_stone_brick_slab":19,"minecraft:iron_chestplate":3,"minecraft:spruce_leaves":217,"minecraft:soul_sand":10,"minecraft:mutton":3,"minecraft:nether_bricks":9,"minecraft:carrot":132,"minecraft:snowball":162,"minecraft:obsidian":15,"minecraft:glass":19,"minecraft:spruce_boat":19,"minecraft:lava_bucket":32,"minecraft:grass_block":1,"minecraft:lantern":3,"minecraft:iron_helmet":1,"minecraft:crimson_roots":7,"minecraft:repeater":4,"minecraft:bow":11,"minecraft:warped_fungus":1,"minecraft:sweet_berries":248,"minecraft:furnace":10,"minecraft:beetroot_seeds":1,"minecraft:egg":1,"minecraft:potato":24,"minecraft:diamond_boots":2,"minecraft:end_stone_bricks":2,"minecraft:mossy_stone_bricks":2,"minecraft:end_rod":2,"minecraft:wither_skeleton_skull":1,"minecraft:spruce_door":1,"minecraft:stone_pickaxe":110,"minecraft:chorus_fruit":8,"minecraft:oak_planks":20,"minecraft:blackstone":12,"minecraft:ender_pearl":90,"minecraft:wooden_pickaxe":14,"minecraft:composter":7,"minecraft:sugar_cane":10,"minecraft:diamond_axe":15,"minecraft:blue_bed":16,"minecraft:purpur_pillar":1,"minecraft:cookie":129,"minecraft:white_wool":3,"minecraft:purpur_stairs":9,"minecraft:sand":1,"minecraft:blast_furnace":2,"minecraft:crossbow":11,"minecraft:note_block":4,"minecraft:end_stone":379,"minecraft:shears":324,"minecraft:lever":2,"minecraft:crying_obsidian":1,"minecraft:bread":59,"minecraft:stone_button":1,"minecraft:string":14,"minecraft:gravel":6,"minecraft:golden_helmet":5,"minecraft:nether_wart_block":3,"minecraft:diamond_sword":1135,"minecraft:fire_charge":1,"minecraft:air":1,"minecraft:ice":1,"minecraft:oak_trapdoor":2,"minecraft:oak_boat":11,"minecraft:bone_meal":47,"minecraft:jungle_leaves":1,"minecraft:stone_sword":264,"minecraft:flint_and_steel":1,"minecraft:stone_shovel":213,"minecraft:redstone":4,"minecraft:spruce_planks":219,"minecraft:ender_chest":33,"minecraft:stone_hoe":160,"minecraft:cooked_chicken":2,"minecraft:netherrack":324,"minecraft:torch":135,"minecraft:brewing_stand":1,"minecraft:dirt":1509,"minecraft:white_carpet":120,"minecraft:hopper":18,"minecraft:spruce_stairs":52,"minecraft:diamond_helmet":8,"minecraft:shulker_box":34,"minecraft:bookshelf":1,"minecraft:iron_axe":332,"minecraft:spruce_button":11,"minecraft:polished_blackstone_brick_stairs":1,"minecraft:iron_boots":5,"minecraft:crimson_planks":210,"minecraft:barrel":15,"minecraft:diamond_chestplate":4,"minecraft:basalt":33,"minecraft:golden_carrot":119,"minecraft:beef":2,"minecraft:emerald_block":7,"minecraft:minecart":2,"minecraft:cobbled_deepslate":129,"minecraft:observer":10,"minecraft:water_bucket":379,"minecraft:glass_bottle":22,"minecraft:baked_potato":23,"minecraft:brown_mushroom":6,"minecraft:spruce_sign":5,"minecraft:polished_blackstone_bricks":38,"minecraft:gilded_blackstone":2,"minecraft:rail":85,"minecraft:tnt":1,"minecraft:oak_slab":28,"minecraft:crafting_table":16,"minecraft:red_bed":8,"minecraft:red_mushroom":1,"minecraft:white_bed":12,"minecraft:campfire":1,"minecraft:spruce_log":24,"minecraft:smoker":2,"minecraft:piston":3,"minecraft:diamond_pickaxe":1518,"minecraft:apple":1,"minecraft:diamond_shovel":373,"minecraft:cracked_polished_blackstone_bricks":68,"minecraft:chicken":1,"minecraft:iron_pickaxe":726,"minecraft:spruce_trapdoor":20,"minecraft:spruce_sapling":5,"minecraft:golden_leggings":1,"minecraft:stone_axe":216,"minecraft:cobblestone":890,"minecraft:potion":2,"minecraft:porkchop":2,"minecraft:cooked_porkchop":56,"minecraft:bucket":413,"minecraft:diamond_leggings":4,"minecraft:splash_potion":4,"minecraft:chainmail_leggings":3},"minecraft:picked_up":{"minecraft:shulker_shell":39,"minecraft:iron_chestplate":1,"minecraft:ender_chest":42,"minecraft:nether_brick_fence":3,"minecraft:lead":3,"minecraft:diamond_sword":3,"minecraft:potion":4,"minecraft:enchanted_book":12,"minecraft:nether_brick":5,"minecraft:crimson_planks":86,"minecraft:brewing_stand":2,"minecraft:polished_blackstone_brick_stairs":4,"minecraft:string":3198,"minecraft:diamond_leggings":3,"minecraft:gold_nugget":269,"minecraft:cobbled_deepslate":132,"minecraft:spruce_planks":84,"minecraft:ender_eye":2,"minecraft:iron_pickaxe":3,"minecraft:iron_boots":7,"minecraft:furnace":7,"minecraft:tipped_arrow":19,"minecraft:golden_helmet":1,"minecraft:stick":13,"minecraft:composter":6,"minecraft:torch":27,"minecraft:purpur_pillar":15,"minecraft:spruce_stairs":17,"minecraft:porkchop":36,"minecraft:rotten_flesh":65,"minecraft:end_rod":11,"minecraft:blaze_rod":15,"minecraft:obsidian":39,"minecraft:iron_bars":1,"minecraft:snowball":253,"minecraft:cobblestone":559,"minecraft:feather":2,"minecraft:lilac":1,"minecraft:magma_cream":1,"minecraft:iron_door":10,"minecraft:water_bucket":2,"minecraft:golden_leggings":2,"minecraft:smoker":1,"minecraft:potato":166,"minecraft:flint":1,"minecraft:stripped_spruce_wood":36,"minecraft:wither_skeleton_skull":1,"minecraft:lapis_lazuli":32,"minecraft:dirt":2689,"minecraft:lantern":4,"minecraft:bone":57,"minecraft:bow":7,"minecraft:wheat_seeds":4,"minecraft:bell":1,"minecraft:mossy_stone_bricks":23,"minecraft:diamond_helmet":2,"minecraft:glowstone_dust":39,"minecraft:oak_planks":22,"minecraft:cooked_porkchop":85,"minecraft:poisonous_potato":2,"minecraft:sand":97,"minecraft:stripped_spruce_log":9,"minecraft:grass_block":4,"minecraft:spectral_arrow":11,"minecraft:shulker_box":35,"minecraft:barrel":10,"minecraft:jungle_leaves":1,"minecraft:diamond":1,"minecraft:spruce_boat":17,"minecraft:cracked_polished_blackstone_bricks":70,"minecraft:crossbow":2,"minecraft:spruce_button":5,"minecraft:spruce_sign":1,"minecraft:emerald":2,"minecraft:bread":48,"minecraft:oak_sapling":2,"minecraft:netherrack":404,"minecraft:chorus_fruit":27,"minecraft:crimson_roots":14,"minecraft:diamond_pickaxe":1,"minecraft:end_stone_bricks":24,"minecraft:spruce_leaves":310,"minecraft:crafting_table":12,"minecraft:ladder":2,"minecraft:splash_potion":1,"minecraft:chicken":5,"minecraft:nether_wart":33,"minecraft:brown_mushroom":9,"minecraft:gold_block":14,"minecraft:dragon_head":2,"minecraft:purpur_block":28,"minecraft:shield":15,"minecraft:red_bed":7,"minecraft:elytra":2,"minecraft:iron_axe":3,"minecraft:item_frame":2,"minecraft:white_carpet":2,"minecraft:blackstone":14,"minecraft:cracked_stone_bricks":11,"minecraft:beef":6,"minecraft:oak_boat":11,"minecraft:observer":2,"minecraft:iron_nugget":14,"minecraft:poppy":26,"minecraft:spruce_slab":5,"minecraft:minecart":4,"minecraft:sugar_cane":15,"minecraft:chest":27,"minecraft:diamond_hoe":1,"minecraft:spruce_trapdoor":2,"minecraft:phantom_membrane":8,"minecraft:egg":1,"minecraft:raw_iron":5,"minecraft:end_stone":428,"minecraft:stone":51,"minecraft:note_block":1,"minecraft:spruce_fence":6,"minecraft:fire_charge":2,"minecraft:polished_blackstone_bricks":38,"minecraft:cookie":108,"minecraft:carrot":290,"minecraft:redstone":30,"minecraft:arrow":56,"minecraft:weeping_vines":3,"minecraft:diamond_chestplate":1,"minecraft:nether_bricks":9,"minecraft:diamond_boots":2,"minecraft:purpur_slab":2,"minecraft:saddle":2,"minecraft:gold_ingot":7,"minecraft:mutton":8,"minecraft:rail":38,"minecraft:white_wool":14,"minecraft:basalt":33,"minecraft:golden_carrot":53,"minecraft:glow_ink_sac":5,"minecraft:crimson_stem":45,"minecraft:leather":5,"minecraft:fern":18,"minecraft:red_mushroom":18,"minecraft:ice":1,"minecraft:crimson_fungus":4,"minecraft:purpur_stairs":16,"minecraft:oak_log":21,"minecraft:chainmail_chestplate":3,"minecraft:golden_boots":2,"minecraft:nether_wart_block":3,"minecraft:gunpowder":11,"minecraft:blue_bed":13,"minecraft:apple":23,"minecraft:stone_bricks":23,"minecraft:iron_ingot":106,"minecraft:cooked_chicken":2,"minecraft:magenta_stained_glass":7,"minecraft:glass_bottle":2,"minecraft:iron_sword":4,"minecraft:soul_sand":17,"minecraft:book":9,"minecraft:oak_slab":12,"minecraft:warped_fungus":3,"minecraft:emerald_block":7,"minecraft:sweet_berries":416,"minecraft:stone_brick_slab":2,"minecraft:quartz":69,"minecraft:gravel":55,"minecraft:spruce_sapling":12,"minecraft:blast_furnace":1,"minecraft:white_bed":6,"minecraft:spruce_log":243,"minecraft:crying_obsidian":10,"minecraft:mossy_stone_brick_slab":5,"minecraft:spider_eye":16,"minecraft:dragon_egg":1,"minecraft:diamond_shovel":1,"minecraft:chainmail_leggings":11,"minecraft:diamond_axe":2,"minecraft:baked_potato":25,"minecraft:warped_nylium":1,"minecraft:coal":20,"minecraft:hopper":9,"minecraft:ender_pearl":128},"minecraft:dropped":{"minecraft:spruce_sign":2,"minecraft:iron_sword":4,"minecraft:diamond_axe":1,"minecraft:warped_fungus":1,"minecraft:chorus_fruit":3,"minecraft:ender_pearl":21,"minecraft:glass_bottle":3,"minecraft:diamond":12,"minecraft:crafting_table":1,"minecraft:crossbow":2,"minecraft:weeping_vines":1,"minecraft:cookie":29,"minecraft:lantern":1,"minecraft:emerald":102,"minecraft:spruce_leaves":1,"minecraft:cracked_polished_blackstone_bricks":2,"minecraft:dirt":150,"minecraft:crimson_roots":7,"minecraft:snowball":158,"minecraft:gold_nugget":8,"minecraft:bone_meal":1,"minecraft:iron_pickaxe":2,"minecraft:white_wool":7,"minecraft:gold_ingot":20,"minecraft:gravel":22,"minecraft:stone_axe":1,"minecraft:rotten_flesh":39,"minecraft:oak_planks":1,"minecraft:diamond_shovel":2,"minecraft:carrot":148,"minecraft:chainmail_chestplate":4,"minecraft:shulker_shell":1,"minecraft:poppy":20,"minecraft:tipped_arrow":3,"minecraft:gunpowder":2,"minecraft:chest":1,"minecraft:arrow":12,"minecraft:splash_potion":3,"minecraft:netherrack":5,"minecraft:water_bucket":1,"minecraft:enchanted_book":1,"minecraft:iron_ingot":31,"minecraft:wheat_seeds":5,"minecraft:golden_helmet":3,"minecraft:minecart":1,"minecraft:diamond_leggings":2,"minecraft:purpur_slab":1,"minecraft:cobblestone":1,"minecraft:spectral_arrow":11,"minecraft:stick":1,"minecraft:golden_carrot":12,"minecraft:diamond_helmet":2,"minecraft:iron_axe":32,"minecraft:iron_shovel":2,"minecraft:chainmail_leggings":4,"minecraft:string":7,"minecraft:sweet_berries":67,"minecraft:ender_chest":8,"minecraft:chicken":2,"minecraft:iron_boots":8,"minecraft:shulker_box":3,"minecraft:diamond_sword":2,"minecraft:potato":56,"minecraft:shield":8,"minecraft:diamond_chestplate":2,"minecraft:spruce_planks":78,"minecraft:diamond_pickaxe":1,"minecraft:iron_chestplate":1,"minecraft:mossy_stone_bricks":8,"minecraft:golden_leggings":2,"minecraft:spruce_log":5,"minecraft:diamond_boots":1,"minecraft:bow":1,"minecraft:stone_pickaxe":10,"minecraft:magma_cream":1},"minecraft:killed":{"minecraft:spider":25,"minecraft:shulker":64,"minecraft:skeleton":9,"minecraft:chicken":4,"minecraft:silverfish":1,"minecraft:piglin_brute":10,"minecraft:magma_cube":17,"minecraft:piglin":6,"minecraft:pig":11,"minecraft:iron_golem":17,"minecraft:ender_dragon":1,"minecraft:creeper":12,"minecraft:sheep":3,"minecraft:zombie":34,"minecraft:stray":25,"minecraft:blaze":25,"minecraft:cow":3,"minecraft:phantom":2,"minecraft:hoglin":2,"minecraft:wither_skeleton":6,"minecraft:villager":3,"minecraft:enderman":130},"minecraft:custom":{"minecraft:interact_with_crafting_table":200,"minecraft:open_barrel":23,"minecraft:open_shulker_box":122,"minecraft:leave_game":17,"minecraft:time_since_death":1126154,"minecraft:sprint_one_cm":4585115,"minecraft:damage_blocked_by_shield":1224,"minecraft:drop":289,"minecraft:play_noteblock":2,"minecraft:talked_to_villager":303,"minecraft:play_time":1608518,"minecraft:deaths":7,"minecraft:jump":29588,"minecraft:interact_with_brewingstand":60,"minecraft:walk_on_water_one_cm":169337,"minecraft:interact_with_furnace":32,"minecraft:traded_with_villager":559,"minecraft:sleep_in_bed":49,"minecraft:open_enderchest":116,"minecraft:damage_dealt":125861,"minecraft:crouch_one_cm":588981,"minecraft:interact_with_smoker":5,"minecraft:interact_with_smithing_table":1,"minecraft:interact_with_anvil":27,"minecraft:mob_kills":422,"minecraft:inspect_hopper":2,"minecraft:interact_with_campfire":34,"minecraft:climb_one_cm":37735,"minecraft:walk_one_cm":2493698,"minecraft:sneak_time":157481,"minecraft:walk_under_water_one_cm":99229,"minecraft:boat_one_cm":43236,"minecraft:interact_with_blast_furnace":3,"minecraft:total_world_time":1608518,"minecraft:interact_with_grindstone":2,"minecraft:time_since_rest":34827,"minecraft:damage_taken":14691,"minecraft:swim_one_cm":86287,"minecraft:fly_one_cm":7156407,"minecraft:open_chest":1073,"minecraft:aviate_one_cm":9500,"minecraft:fall_one_cm":750701},"minecraft:mined":{"minecraft:dragon_wall_head":2,"minecraft:spruce_planks":32,"minecraft:white_bed":6,"minecraft:farmland":4,"minecraft:mossy_stone_brick_slab":4,"minecraft:jungle_leaves":2,"minecraft:brewing_stand":2,"minecraft:obsidian":40,"minecraft:spruce_trapdoor":2,"minecraft:granite":20,"minecraft:chiseled_polished_blackstone":1,"minecraft:grass_block":977,"minecraft:cracked_polished_blackstone_bricks":36,"minecraft:purpur_slab":4,"minecraft:composter":6,"minecraft:crimson_fungus":3,"minecraft:nether_wart":27,"minecraft:spawner":1,"minecraft:polished_blackstone_bricks":50,"minecraft:weeping_vines_plant":5,"minecraft:glowstone":11,"minecraft:iron_ore":5,"minecraft:barrel":11,"minecraft:fire":80,"minecraft:cobbled_deepslate":1,"minecraft:dirt_path":83,"minecraft:iron_bars":1,"minecraft:end_stone_bricks":27,"minecraft:spruce_slab":5,"minecraft:tripwire":6,"minecraft:deepslate_redstone_ore":6,"minecraft:brown_mushroom":11,"minecraft:red_bed":7,"minecraft:blackstone":7,"minecraft:crimson_nylium":6,"minecraft:smoker":1,"minecraft:purpur_stairs":17,"minecraft:torch":6,"minecraft:note_block":1,"minecraft:blast_furnace":1,"minecraft:poppy":2,"minecraft:calcite":3,"minecraft:chest":26,"minecraft:spruce_wall_sign":1,"minecraft:nether_quartz_ore":68,"minecraft:cobblestone":61,"minecraft:oak_planks":23,"minecraft:sugar_cane":5,"minecraft:iron_door":9,"minecraft:wall_torch":11,"minecraft:amethyst_block":2,"minecraft:nether_wart_block":3,"minecraft:lilac":1,"minecraft:warped_fungus":2,"minecraft:purpur_block":30,"minecraft:smooth_stone_slab":2,"minecraft:oak_log":21,"minecraft:sand":67,"minecraft:dirt":933,"minecraft:crimson_planks":27,"minecraft:netherrack":472,"minecraft:deepslate":173,"minecraft:emerald_block":7,"minecraft:nether_gold_ore":67,"minecraft:tuff":43,"minecraft:deepslate_diamond_ore":1,"minecraft:end_stone":444,"minecraft:shulker_box":32,"minecraft:nether_bricks":9,"minecraft:ladder":2,"minecraft:spruce_fence":8,"minecraft:crimson_roots":14,"minecraft:redstone_wire":1,"minecraft:spruce_leaves":436,"minecraft:red_mushroom":17,"minecraft:crimson_stem":44,"minecraft:large_fern":14,"minecraft:oak_trapdoor":1,"minecraft:furnace":7,"minecraft:carrots":71,"minecraft:nether_sprouts":2,"minecraft:snow":122,"minecraft:andesite":14,"minecraft:stripped_spruce_log":10,"minecraft:gold_block":15,"minecraft:nether_brick_fence":3,"minecraft:bookshelf":1,"minecraft:potatoes":45,"minecraft:rail":30,"minecraft:lantern":2,"minecraft:packed_ice":18,"minecraft:chorus_plant":1,"minecraft:stone":330,"minecraft:white_wool":3,"minecraft:ender_chest":42,"minecraft:oak_slab":13,"minecraft:glass_pane":1,"minecraft:soul_sand":10,"minecraft:magenta_stained_glass":8,"minecraft:infested_stone_bricks":2,"minecraft:snow_block":1,"minecraft:basalt":37,"minecraft:stone_brick_slab":2,"minecraft:observer":2,"minecraft:crafting_table":11,"minecraft:short_grass":31,"minecraft:spruce_button":1,"minecraft:purpur_pillar":16,"minecraft:tall_grass":11,"minecraft:lapis_ore":5,"minecraft:deepslate_gold_ore":1,"minecraft:polished_blackstone_brick_stairs":5,"minecraft:diorite":17,"minecraft:blue_bed":14,"minecraft:spruce_stairs":17,"minecraft:stripped_spruce_wood":36,"minecraft:sweet_berry_bush":46,"minecraft:ice":49,"minecraft:white_carpet":4,"minecraft:spruce_log":137,"minecraft:coal_ore":17,"minecraft:end_rod":7,"minecraft:gravel":4,"minecraft:cobweb":7,"minecraft:cracked_stone_bricks":18,"minecraft:stone_bricks":35,"minecraft:mossy_stone_bricks":23,"minecraft:fern":3},"minecraft:killed_by":{"minecraft:piglin_brute":1,"minecraft:zombie":3},"minecraft:crafted":{"minecraft:smooth_stone":3,"minecraft:oak_planks":84,"minecraft:barrel":4,"minecraft:blaze_powder":6,"minecraft:mossy_stone_brick_slab":24,"minecraft:stone":4,"minecraft:lever":2,"minecraft:bookshelf":1,"minecraft:shulker_box":4,"minecraft:glass":56,"minecraft:hopper":10,"minecraft:bow":2,"minecraft:diamond_helmet":1,"minecraft:repeater":4,"minecraft:diamond_leggings":1,"minecraft:iron_boots":9,"minecraft:chest":58,"minecraft:rail":48,"minecraft:stone_hoe":2,"minecraft:smoker":1,"minecraft:glass_bottle":21,"minecraft:oak_slab":18,"minecraft:emerald":487,"minecraft:crafting_table":9,"minecraft:spruce_planks":992,"minecraft:wooden_pickaxe":1,"minecraft:spruce_door":3,"minecraft:chainmail_chestplate":8,"minecraft:brewing_stand":1,"minecraft:campfire":1,"minecraft:tnt":1,"minecraft:spruce_trapdoor":20,"minecraft:iron_chestplate":2,"minecraft:diamond_pickaxe":1,"minecraft:shield":9,"minecraft:stick":232,"minecraft:iron_pickaxe":3,"minecraft:stone_sword":2,"minecraft:gold_ingot":26,"minecraft:redstone_torch":8,"minecraft:composter":1,"minecraft:shears":4,"minecraft:golden_carrot":66,"minecraft:stone_shovel":1,"minecraft:spruce_button":8,"minecraft:furnace":2,"minecraft:stone_button":1,"minecraft:blast_furnace":1,"minecraft:piston":3,"minecraft:bone_meal":57,"minecraft:white_carpet":129,"minecraft:oak_trapdoor":2,"minecraft:flint_and_steel":1,"minecraft:spruce_stairs":8,"minecraft:iron_axe":2,"minecraft:ladder":66,"minecraft:spruce_slab":18,"minecraft:stone_pickaxe":1,"minecraft:diamond_boots":1,"minecraft:spruce_boat":4,"minecraft:golden_helmet":2,"minecraft:chainmail_leggings":12,"minecraft:observer":8,"minecraft:minecart":1,"minecraft:glistering_melon_slice":3,"minecraft:sugar":5,"minecraft:crimson_planks":140,"minecraft:crossbow":1,"minecraft:spruce_sign":6,"minecraft:iron_sword":2,"minecraft:bucket":9,"minecraft:stone_axe":3,"minecraft:enchanted_book":7,"minecraft:air":0,"minecraft:oak_boat":1,"minecraft:white_wool":108,"minecraft:fermented_spider_eye":3,"minecraft:iron_shovel":8,"minecraft:white_bed":5,"minecraft:note_block":3,"minecraft:torch":108,"minecraft:diamond_chestplate":1,"minecraft:ender_chest":2},"minecraft:broken":{"minecraft:iron_shovel":7,"minecraft:shears":1,"minecraft:stone_axe":2,"minecraft:stone_shovel":2,"minecraft:stone_sword":2,"minecraft:iron_axe":1,"minecraft:iron_pickaxe":2}},"DataVersion":3953}