{"stats":{"minecraft:crafted":{"minecraft:oak_planks":84,"minecraft:smooth_stone":3,"minecraft:stone_shovel":1,"minecraft:barrel":3,"minecraft:spruce_button":1,"minecraft:blast_furnace":1,"minecraft:stone":4,"minecraft:bone_meal":24,"minecraft:lever":1,"minecraft:oak_trapdoor":2,"minecraft:diamond_helmet":1,"minecraft:diamond_leggings":1,"minecraft:iron_boots":9,"minecraft:iron_axe":1,"minecraft:stone_pickaxe":1,"minecraft:chest":4,"minecraft:diamond_boots":1,"minecraft:rail":48,"minecraft:stone_hoe":2,"minecraft:chainmail_leggings":12,"minecraft:minecart":1,"minecraft:oak_slab":18,"minecraft:emerald":132,"minecraft:crafting_table":2,"minecraft:spruce_planks":216,"minecraft:wooden_pickaxe":1,"minecraft:spruce_door":3,"minecraft:chainmail_chestplate":8,"minecraft:bucket":1,"minecraft:campfire":1,"minecraft:stone_axe":3,"minecraft:air":0,"minecraft:oak_boat":1,"minecraft:spruce_trapdoor":8,"minecraft:white_wool":9,"minecraft:iron_chestplate":2,"minecraft:shield":9,"minecraft:stick":44,"minecraft:iron_pickaxe":1,"minecraft:stone_sword":2,"minecraft:iron_shovel":2,"minecraft:white_bed":3,"minecraft:torch":20,"minecraft:shears":1,"minecraft:diamond_chestplate":1},"minecraft:broken":{"minecraft:iron_shovel":1,"minecraft:stone_sword":1,"minecraft:stone_axe":2,"minecraft:stone_shovel":1},"minecraft:mined":{"minecraft:spruce_planks":12,"minecraft:white_bed":3,"minecraft:farmland":2,"minecraft:grass_block":271,"minecraft:spruce_fence":8,"minecraft:spruce_leaves":34,"minecraft:large_fern":3,"minecraft:oak_trapdoor":1,"minecraft:furnace":1,"minecraft:carrots":12,"minecraft:iron_ore":5,"minecraft:barrel":6,"minecraft:snow":23,"minecraft:stripped_spruce_log":2,"minecraft:potatoes":28,"minecraft:dirt_path":15,"minecraft:rail":15,"minecraft:lantern":2,"minecraft:packed_ice":18,"minecraft:stone":55,"minecraft:tripwire":5,"minecraft:oak_slab":3,"minecraft:brown_mushroom":1,"minecraft:glass_pane":1,"minecraft:red_bed":5,"minecraft:crafting_table":1,"minecraft:torch":1,"minecraft:short_grass":11,"minecraft:blast_furnace":1,"minecraft:poppy":1,"minecraft:chest":1,"minecraft:tall_grass":4,"minecraft:oak_planks":16,"minecraft:blue_bed":2,"minecraft:wall_torch":3,"minecraft:stripped_spruce_wood":33,"minecraft:sweet_berry_bush":25,"minecraft:ice":14,"minecraft:lilac":1,"minecraft:white_carpet":3,"minecraft:spruce_log":23,"minecraft:oak_log":21,"minecraft:coal_ore":17,"minecraft:gravel":1,"minecraft:dirt":181,"minecraft:emerald_block":1,"minecraft:fern":3},"minecraft:dropped":{"minecraft:wheat_seeds":1,"minecraft:lantern":1,"minecraft:chainmail_leggings":3,"minecraft:chicken":2,"minecraft:oak_planks":1,"minecraft:iron_boots":8,"minecraft:chainmail_chestplate":4,"minecraft:shield":7,"minecraft:spruce_planks":14,"minecraft:iron_chestplate":1},"minecraft:custom":{"minecraft:mob_kills":40,"minecraft:interact_with_crafting_table":52,"minecraft:open_barrel":2,"minecraft:interact_with_campfire":22,"minecraft:leave_game":3,"minecraft:time_since_death":182697,"minecraft:climb_one_cm":1818,"minecraft:sprint_one_cm":449581,"minecraft:walk_one_cm":387042,"minecraft:damage_blocked_by_shield":89,"minecraft:drop":29,"minecraft:talked_to_villager":62,"minecraft:play_time":182697,"minecraft:sneak_time":22461,"minecraft:walk_under_water_one_cm":6847,"minecraft:boat_one_cm":108,"minecraft:jump":3368,"minecraft:interact_with_blast_furnace":3,"minecraft:walk_on_water_one_cm":70828,"minecraft:total_world_time":182697,"minecraft:interact_with_furnace":6,"minecraft:traded_with_villager":173,"minecraft:sleep_in_bed":12,"minecraft:time_since_rest":7678,"minecraft:damage_taken":1984,"minecraft:damage_dealt":19765,"minecraft:swim_one_cm":12065,"minecraft:fly_one_cm":565167,"minecraft:open_chest":46,"minecraft:crouch_one_cm":75208,"minecraft:fall_one_cm":69632},"minecraft:killed":{"minecraft:spider":3,"minecraft:skeleton":1,"minecraft:chicken":3,"minecraft:pig":11,"minecraft:iron_golem":16,"minecraft:sheep":1,"minecraft:zombie":2,"minecraft:stray":2},"minecraft:picked_up":{"minecraft:crafting_table":1,"minecraft:chicken":5,"minecraft:shield":6,"minecraft:string":3026,"minecraft:red_bed":5,"minecraft:white_carpet":2,"minecraft:spruce_planks":26,"minecraft:oak_boat":2,"minecraft:poppy":22,"minecraft:sugar_cane":8,"minecraft:chest":1,"minecraft:iron_boots":2,"minecraft:furnace":1,"minecraft:tipped_arrow":2,"minecraft:stick":2,"minecraft:raw_iron":5,"minecraft:torch":6,"minecraft:spruce_fence":6,"minecraft:porkchop":24,"minecraft:carrot":20,"minecraft:arrow":1,"minecraft:mutton":2,"minecraft:rail":21,"minecraft:snowball":43,"minecraft:white_wool":2,"minecraft:cobblestone":55,"minecraft:feather":2,"minecraft:lilac":1,"minecraft:potato":106,"minecraft:stripped_spruce_wood":33,"minecraft:oak_log":21,"minecraft:dirt":485,"minecraft:blue_bed":2,"minecraft:lantern":4,"minecraft:bone":5,"minecraft:apple":1,"minecraft:wheat_seeds":3,"minecraft:bell":1,"minecraft:iron_ingot":81,"minecraft:cooked_chicken":2,"minecraft:oak_planks":15,"minecraft:oak_slab":3,"minecraft:emerald_block":1,"minecraft:cooked_porkchop":21,"minecraft:sweet_berries":63,"minecraft:gravel":1,"minecraft:stripped_spruce_log":2,"minecraft:spruce_sapling":1,"minecraft:blast_furnace":1,"minecraft:white_bed":3,"minecraft:spruce_log":23,"minecraft:barrel":5,"minecraft:spruce_button":4,"minecraft:emerald":2,"minecraft:baked_potato":14,"minecraft:oak_sapling":2,"minecraft:coal":17},"minecraft:used":{"minecraft:oak_trapdoor":2,"minecraft:stone_sword":261,"minecraft:iron_shovel":271,"minecraft:stone_shovel":133,"minecraft:chest":5,"minecraft:spruce_planks":148,"minecraft:shield":1,"minecraft:bell":1,"minecraft:stone_hoe":160,"minecraft:cooked_chicken":2,"minecraft:iron_chestplate":1,"minecraft:torch":26,"minecraft:dirt":485,"minecraft:mutton":2,"minecraft:carrot":20,"minecraft:snowball":7,"minecraft:iron_axe":1,"minecraft:lantern":3,"minecraft:spruce_button":4,"minecraft:iron_boots":3,"minecraft:barrel":8,"minecraft:sweet_berries":63,"minecraft:beetroot_seeds":1,"minecraft:potato":20,"minecraft:water_bucket":46,"minecraft:diamond_boots":1,"minecraft:spruce_door":1,"minecraft:stone_pickaxe":89,"minecraft:baked_potato":11,"minecraft:oak_planks":18,"minecraft:wooden_pickaxe":14,"minecraft:blue_bed":2,"minecraft:rail":62,"minecraft:oak_slab":12,"minecraft:crafting_table":3,"minecraft:red_bed":5,"minecraft:blast_furnace":2,"minecraft:white_bed":6,"minecraft:campfire":1,"minecraft:spruce_log":1,"minecraft:shears":3,"minecraft:lever":1,"minecraft:apple":1,"minecraft:chicken":1,"minecraft:iron_pickaxe":1,"minecraft:string":10,"minecraft:spruce_trapdoor":7,"minecraft:gravel":1,"minecraft:stone_axe":208,"minecraft:cobblestone":4,"minecraft:cooked_porkchop":17,"minecraft:bucket":46,"minecraft:oak_boat":2,"minecraft:diamond_leggings":1,"minecraft:bone_meal":24,"minecraft:chainmail_leggings":1}},"DataVersion":3953}